pass2_index,input_url,normalized_input_url,shuffle_sha256,pass1_occurrence_count,source_pass1_indices,source_sheet_rows,source_company_names,pass1_dataset,pass1_state,pass1_page_id,pass1_total_count,pass1_results_count,pass1_is_result_complete,pass1_error,pass1_captcha_required,pass1_system_status
1,https://www.facebook.com/simplebabying,https://www.facebook.com/simplebabying,001b0b1feec78748482d2c399a4509c3f51b5ae1199ff971f7e1ed079edbf1d6,1,746,780,Lalabu,continuation-209,error,,,,,no_items,,
2,https://www.facebook.com/nichesnowboards,https://www.facebook.com/nichesnowboards,0020d96fbc1822daddc35bb01a721170ad1723d8620dc84392e152ebbf2c4f33,1,349,381,Niche Snowboards,partial-803,zero,197407323029,0,0,true,,false,NO_KNOWN_ISSUES
3,https://www.facebook.com/authenticallyamericanco,https://www.facebook.com/authenticallyamericanco,00668480e27f25587df4d8daf50fcf1c1d1cd0dfc56b4b88ee99600a30c80996,1,985,1019,Authentically American,partial-803,zero,655273004649847,0,0,true,,false,NO_KNOWN_ISSUES
4,https://www.facebook.com/samsaracycleclub,https://www.facebook.com/samsaracycleclub,00a0aa492afd72b0a16eb9494ae09fba5b6aa699498ad4de4089752a943e96cf,1,200,203,Samsara Cycle,continuation-209,positive,1856060424628966,115,30,false,,false,NO_KNOWN_ISSUES
5,https://www.facebook.com/StrutThis,https://www.facebook.com/strutthis,00c43ffb0c32296edf9992761e7064c534efe99dc3e1df912deea061a446590a,1,123,124,Strut-This,partial-803,zero,207634745924780,0,0,true,,false,NO_KNOWN_ISSUES
6,https://www.facebook.com/bruceglen,https://www.facebook.com/bruceglen,00eb0343986835ff5d996fc7f87092b43f69d3aee6b1cdc571250aceb48a77c8,1,960,994,BRUCEGLEN,continuation-209,error,,,,,no_items,,
7,https://www.facebook.com/pimalubaby,https://www.facebook.com/pimalubaby,01e30de3153c3fe4ca199a76ce506e6a2ea343b3a3f246e1e5bd9e4a65fcd58d,1,248,280,Pimalu,partial-803,zero,124790864042236,0,0,true,,false,NO_KNOWN_ISSUES
8,https://www.facebook.com/ArmTheAnimals,https://www.facebook.com/armtheanimals,021a0441f9ee44546535a3a11181bfceaf99e9c121b0c64329ca3139b060a691,1,650,683,Arm the Animals,partial-803,zero,128220823877343,0,0,true,,false,NO_KNOWN_ISSUES
9,https://www.facebook.com/uplandbespoke,https://www.facebook.com/uplandbespoke,0236ed463604d3a8c296e6a84e7eb3a4c76921b5bd8fd9244d8d5b3610e82b38,1,65,66,Upland Bespoke,continuation-209,zero,1319478651417513,0,0,true,,false,NO_KNOWN_ISSUES
10,https://www.facebook.com/PackinNeat,https://www.facebook.com/packinneat,025739dfabd39deff24a2aeb07d3c254491586a132a80fe6cb831fd2c4348b79,1,287,319,Packin'​ Neat,partial-803,zero,344593715650538,0,0,true,,false,NO_KNOWN_ISSUES
11,https://www.facebook.com/amour781,https://www.facebook.com/amour781,0276c17ea69df57ddb9842c52b3bdd41a652e5583effbc124fe9e0b665eb1fd6,1,655,688,AMOUR781,partial-803,positive,102990245436427,2,2,true,,false,NO_KNOWN_ISSUES
12,https://www.facebook.com/wetcatofficial,https://www.facebook.com/wetcatofficial,027d70e8419dd6b2c665b84bd2bcf3be03d5a5f298b64e7049561dbd458bf237,1,26,27,Wetcat Turkish Towels,partial-803,positive,2117159491894585,24,24,true,,false,NO_KNOWN_ISSUES
13,https://www.facebook.com/ringbandits,https://www.facebook.com/ringbandits,02d704524506bb03c9eef77bd8ab91d5992a22ad8a11249ee11bfae20368bf91,1,209,212,RING BANDITS,partial-803,zero,1852531444988446,0,0,true,,false,NO_KNOWN_ISSUES
14,https://www.facebook.com/bromeliaswimwear,https://www.facebook.com/bromeliaswimwear,02f8e58e3d714680b75f4705056005346e023dea087537d9507ff700c8671336,1,605,638,Bromelia Swimwear,continuation-209,error,,,,,no_items,,
15,https://www.facebook.com/druthersnyc,https://www.facebook.com/druthersnyc,03128ee268fe563652cc6956223f433e83ed055f9f0d31681eb29b460178dec0,1,545,578,Druthers NYC,partial-803,zero,286088048241753,0,0,true,,false,NO_KNOWN_ISSUES
16,https://www.facebook.com/pages/Jared-Lang-Shirts/166875206706028,https://www.facebook.com/pages/jared-lang-shirts/166875206706028,0315c7996bcc9661008bb321b1c46e3c55027b8cb74e7b198b57d86a81064e63,1,802,836,Jared Lang,partial-803,zero,166875206706028,0,0,true,,false,NO_KNOWN_ISSUES
17,https://www.facebook.com/Petit-Moments-399187594231801,https://www.facebook.com/petit-moments-399187594231801,036a8861453fdd1524de5319da571a64aa087915f342f4ff021f5b24c2f04849,1,254,286,Petit Moments LLC,partial-803,zero,399187594231801,0,0,true,,false,NO_KNOWN_ISSUES
18,https://www.facebook.com/solayae,https://www.facebook.com/solayae,03e3f2f7998c3464b2a5ccbc3963171ed2a494a112426820a473da0ec23dacfd,1,145,146,Soláyae,partial-803,positive,912338631954334,2,2,true,,false,NO_KNOWN_ISSUES
19,https://www.facebook.com/savannahchildren,https://www.facebook.com/savannahchildren,03e6e4a4c66326e64f3ac0d7e37838617c9fd0b078854d2cf093541192a19a3e,1,762,796,Strasburg Children,partial-803,error,,,,,no_items,,
20,https://www.facebook.com/BenarioConsulting,https://www.facebook.com/benarioconsulting,0414cbbdf729277761a58935ee12a892df8447fa23423b8d3532c6e524679d81,1,627,660,Benario Consulting,partial-803,zero,586408331534959,0,0,true,,false,NO_KNOWN_ISSUES
21,https://www.facebook.com/WintergreenEly,https://www.facebook.com/wintergreenely,042748be602e9ab29cb2c18a94203babc645da077e1bf6e01db2e7541d1fd656,1,19,20,Wintergreen Northern Wear,partial-803,positive,1240485365978637,3,3,true,,false,NO_KNOWN_ISSUES
22,https://www.facebook.com/melasworld,https://www.facebook.com/melasworld,04412602a7a3f75059b44b0746c80825ef9b1b0f8b335513597b41fce79c7cbf,1,377,409,Mela,partial-803,zero,103800925186044,0,0,true,,false,NO_KNOWN_ISSUES
23,https://www.facebook.com/apnyapparel,https://www.facebook.com/apnyapparel,048919d105ffe293d2535eb903849696cb75b2aa86b0362948473da243191f90,1,989,1023,APNY Apparel,continuation-209,error,,,,,no_items,,
24,https://www.facebook.com/hightrast,https://www.facebook.com/hightrast,0490311627499287f89154cbd73dbf1a1ef28b26a81f8a5268c047e4e919c5ab,1,467,499,Hightrast,partial-803,zero,101660475082568,0,0,true,,false,NO_KNOWN_ISSUES
25,https://www.facebook.com/embrazio,https://www.facebook.com/embrazio,0524d0d1f6e146337508d0aab4d71b457337fc71418ea5c1a8802e5a9ff5da0a,1,925,959,Embrazio,continuation-209,positive,372123516202690,2,2,true,,false,NO_KNOWN_ISSUES
26,https://www.facebook.com/matuse.inc,https://www.facebook.com/matuse.inc,05880ee47c8efe89897e96ce83ffd391b410ab1bc3ecf261c62d163af767d8c7,1,381,413,"Matuse, Inc.",partial-803,positive,66438236345,20,19,true,,false,NO_KNOWN_ISSUES
27,https://www.facebook.com/STONEANDSTRAND,https://www.facebook.com/stoneandstrand,05b3c4387d4854e1394a06b60eb2261bfbea604d8579dce720e33fe4081bac13,2,128|129,129|130,STONE AND STRAND|STONE AND STRAND,partial-803,positive,233311846777917,21,21,true,,false,NO_KNOWN_ISSUES
28,https://www.facebook.com/careandwear,https://www.facebook.com/careandwear,05ebbd71da1f442d54da35feab719d7dab2b1c835ca9e4335d0eebb12da56fe2,1,1013,1047,Care+Wear,partial-803,zero,637664689603278,0,0,true,,false,NO_KNOWN_ISSUES
29,https://www.facebook.com/people/Raskana/100086298788784,https://www.facebook.com/people/raskana/100086298788784,05f65b494f7157750033fb572e297cb75386699361d08821dbbec4dc28003cec,1,262,294,RASKANA,continuation-209,zero,105007102376099,0,0,true,,false,NO_KNOWN_ISSUES
30,https://www.facebook.com/craftsportswear,https://www.facebook.com/craftsportswear,0631575e62a3967a9f9845effb5e2c037cf579d40768b7124d8f6bf0ebf2a094,2,574|575,607|608,Craft Sportswear North America|Craft Sportswear North America,continuation-209,positive,259212366717,216,27,false,,false,NO_KNOWN_ISSUES
31,https://www.facebook.com/p/Always-Coco-Fine-61572214962150,https://www.facebook.com/p/always-coco-fine-61572214962150,066c56e4773beb3a136d100443ff8236f4e36ab4104745ff7ace7f1d9e482dd5,1,321,353,The Always Coco Collection,partial-803,zero,476423085564682,0,0,true,,false,NO_KNOWN_ISSUES
32,https://www.facebook.com/leahkirschbrand,https://www.facebook.com/leahkirschbrand,06845df016702cf07a535f83fba088134171624e6956e7baac99154156ee82c1,1,875,909,Leah Kirsch,partial-803,zero,406000809500459,0,0,true,,false,NO_KNOWN_ISSUES
33,https://www.facebook.com/effybee,https://www.facebook.com/effybee,069380ec4d2c4a32e64d2b3194d40086083b0cdad37531f75a3313fde859cf5f,1,926,960,fyb jewelry,partial-803,error,,,,,no_items,,
34,https://www.facebook.com/61578093577199,https://www.facebook.com/61578093577199,0730905b074477c66143f549cb2787cd29e322bb324583757ed04f19bf3cb7c1,1,676,709,Magnifique Couleur,partial-803,zero,655204741018521,0,0,true,,false,NO_KNOWN_ISSUES
35,https://www.facebook.com/offemarket,https://www.facebook.com/offemarket,07383f44fac6e8a902ab736311ee2645a21e59ce6a09e1b9e1e5b2a9e615b240,1,835,869,offe market,partial-803,positive,371700246946213,32,28,false,,false,NO_KNOWN_ISSUES
36,https://www.facebook.com/oddobody,https://www.facebook.com/oddobody,074318d1c756db9c83b3bbe5b8bd6b95d7bd3aed39af524ff2ee0cf210d9a7a0,1,331,363,ODDOBODY,partial-803,positive,1696390453913265,55,30,false,,false,NO_KNOWN_ISSUES
37,https://www.facebook.com/whoshirtcompany,https://www.facebook.com/whoshirtcompany,077d0fe118198293d7e1d107cb1b3be3c6bef3bfd5b60568c723174f71d45d3c,1,22,23,Who Shirt Company,partial-803,zero,454496934988943,0,0,true,,false,NO_KNOWN_ISSUES
38,https://www.facebook.com/AllAmericanClothing,https://www.facebook.com/allamericanclothing,07af24bb4fb4b084e4c455e827f629a5b981583ccde8035b55519ef5b6eacd4b,1,996,1030,All American Clothing Co.,partial-803,positive,113953261998824,168,30,false,,false,NO_KNOWN_ISSUES
39,https://www.facebook.com/beurdshop,https://www.facebook.com/beurdshop,07fb26868b718faf1da3fd862d8408b384343e2711280fc1176b8a5150604822,1,622,655,Beurd,partial-803,zero,722000101197625,0,0,true,,false,NO_KNOWN_ISSUES
40,https://www.facebook.com/mspdesigngroup,https://www.facebook.com/mspdesigngroup,084927971fa17579071e1dc91f9bf62f855618f40e50c76f0a839630851ce3ee,1,359,391,MSP Design Group,partial-803,zero,1677785369159175,0,0,true,,false,NO_KNOWN_ISSUES
41,https://www.facebook.com/cin2Official,https://www.facebook.com/cin2official,08931cf4ac01e7582c6d0ffec13958b1d64f3f30dcfdb9b05d478fdaf5a0bdb2,1,589,622,C-IN2 New York,partial-803,positive,592976674721649,194,30,false,,false,NO_KNOWN_ISSUES
42,https://www.facebook.com/boholifestyleca,https://www.facebook.com/boholifestyleca,08a29f605e9c0bd11c6b1809c692a493d877a3ed2cb1d8ffe17fbae4ceba40ab,1,966,1000,Boho Lifestyle,partial-803,zero,508437219240512,0,0,true,,false,NO_KNOWN_ISSUES
43,https://www.facebook.com/RepresentPAbrand,https://www.facebook.com/representpabrand,09ad4cc95a2ca438fd1631151cf4e8e448c9c8138341113bda8cb007ba2fae5d,1,216,219,RepresentPA,partial-803,zero,122331341739724,0,0,true,,false,NO_KNOWN_ISSUES
44,https://www.facebook.com/pages/refname/10439299892,https://www.facebook.com/pages/refname/10439299892,0b2bec26d6bfdc71d42a3f24c302aecfd6f28c033edfc6e75be9f172cd1fbc1a,1,791,825,WeSC,partial-803,positive,10439299892,8,8,true,,false,NO_KNOWN_ISSUES
45,https://www.facebook.com/SpiritWearHero,https://www.facebook.com/spiritwearhero,0b398f1808f69f007da75258e722dfcdb0c5c9987b831071dc10fb6423f4b13c,1,136,137,"Spirit Hero, LLC",partial-803,positive,142871082907877,8,8,true,,false,NO_KNOWN_ISSUES
46,https://www.facebook.com/ChoppaheadKustoms,https://www.facebook.com/choppaheadkustoms,0bec8aacdb72fd5bec4b9a81b8e71c131ec0472e5e6902c5375541a05557d8a6,1,591,624,Choppahead Kustom Cycles,continuation-209,error,,,,,no_items,,
47,https://www.facebook.com/pondlosangeles,https://www.facebook.com/pondlosangeles,0c725872b1b90dd6808b759618a8818427d51b0d758b60d5865ea6a25c1d022f,1,242,274,POND Los Angeles,partial-803,zero,155576901785066,0,0,true,,false,NO_KNOWN_ISSUES
48,https://www.facebook.com/Descendantofthievesnyc,https://www.facebook.com/descendantofthievesnyc,0d326463c4a0f3384fe940b1f31d6a361ea503fae910223324b999b55428f6d8,1,558,591,Descendant of Thieves,partial-803,positive,101018946122122,25,25,true,,false,NO_KNOWN_ISSUES
49,https://www.facebook.com/humansandland,https://www.facebook.com/humansandland,0d80926c17f085408b43b0f84f6291f179d96e9b35cc39b60bf8db8d4ae9faba,1,458,490,Humans & Land,partial-803,zero,101947062595156,0,0,true,,false,NO_KNOWN_ISSUES
50,https://www.facebook.com/majorleaguesocks,https://www.facebook.com/majorleaguesocks,0db3c41970a7d193d9f3e1091ca7319309eccd5496625aa876f2edd9a1a057fc,1,385,417,Major League Socks,partial-803,zero,496252257243494,0,0,true,,false,NO_KNOWN_ISSUES
51,https://www.facebook.com/populartwentyone,https://www.facebook.com/populartwentyone,0e8a5b8acf4df53df8efba38efcd8adfb39e950e9b02fa973f1fad5a10fa5da7,1,241,273,Popular 21,partial-803,zero,216034705517328,0,0,true,,false,NO_KNOWN_ISSUES
52,https://www.facebook.com/people/A4S-Sportswear/61577906201061,https://www.facebook.com/people/a4s-sportswear/61577906201061,0f7f371447a11d23f6afc6317d05078d2b15f287f8a1728fdf38e06da46c7d90,1,276,308,A4S Sportswear,continuation-209,zero,724404774085589,0,0,true,,false,NO_KNOWN_ISSUES
53,https://www.facebook.com/WOLACOinc,https://www.facebook.com/wolacoinc,10453407cbc4560493aebfadb980621791212b58bff5da23778c88aa0f3321f6,1,18,19,WOLACO,continuation-209,error,,,,,no_items,,
54,https://www.facebook.com/spirithoods,https://www.facebook.com/spirithoods,107cdace19db26cec0198d8af1ea94c598212ca663b0648e2a70551ce692f0fe,1,736,770,SpiritHoods,continuation-209,positive,418957405590,44,1,false,,false,NO_KNOWN_ISSUES
55,https://www.facebook.com/Squeezedecitron,https://www.facebook.com/squeezedecitron,108ace02c12db5eeaa49292a1f226498155209592f6943662b73c4aaa8bac7fb,1,134,135,Squeeze De Citron®️,partial-803,positive,2337444119683826,2,2,true,,false,NO_KNOWN_ISSUES
56,https://www.facebook.com/palmrstyle,https://www.facebook.com/palmrstyle,10eccdd8a61dbd86787cc19fec8e7a5910caa817a2351edf14490c598e806ab2,1,782,816,Palmr Style & Co.,continuation-209,positive,177606438771408,11,11,true,,false,NO_KNOWN_ISSUES
57,https://www.facebook.com/yliana.yepez.5,https://www.facebook.com/yliana.yepez.5,1125668e8b0ebcd3099b9ad23e28b87ebded504f13c9f9e60206be8ec427f97f,1,687,721,YLIANA YEPEZ,continuation-209,error,,,,,no_items,,
58,https://www.facebook.com/SWAE.US,https://www.facebook.com/swae.us,11949873ac3534f249db6c135bfe7a9864bcfffe7729e8856ae00b931c34315d,1,118,119,SWAE,partial-803,zero,110249554703957,0,0,true,,false,NO_KNOWN_ISSUES
59,https://www.facebook.com/maisonblacknewyork,https://www.facebook.com/maisonblacknewyork,11c306dbb8c20082582d02b846e0bac7c5a74f7e64c20f39bda72b5cbcb49b39,1,386,418,Maison Black New York,partial-803,zero,107485965066551,0,0,true,,false,NO_KNOWN_ISSUES
60,https://www.facebook.com/wrightsockusa,https://www.facebook.com/wrightsockusa,11c4bede759255893f947cd503640d397d70c71a54996b5dc545fc52e3e95599,1,692,726,"Wrightsock - Wrightenberry Mills, Inc",continuation-209,error,,,,,no_items,,
61,https://www.facebook.com/HBarCRanchwear,https://www.facebook.com/hbarcranchwear,11f5c1ed8998b7ad1acde916e9b03b597eb6fd3c292345e621f103de8d1eac2d,1,472,504,H Bar C Ranchwear,continuation-209,error,,,,,no_items,,
62,https://www.facebook.com/pages/FW-Style/107956949223191,https://www.facebook.com/pages/fw-style/107956949223191,12a413ede2550eea1e265ed4be41bf10bc0b0ee3d9c6d8ea871ffc27ff2fbe85,1,807,841,F&W Style,partial-803,zero,107956949223191,0,0,true,,false,NO_KNOWN_ISSUES
63,https://www.facebook.com/TomasSullivent,https://www.facebook.com/tomassullivent,132e4ff11ea139587963e7911b03008d65f3116beed9edea146a0deb25b6cb07,1,84,85,Tomás Sullivent,partial-803,positive,319569524566532,1,1,true,,false,NO_KNOWN_ISSUES
64,https://www.facebook.com/thorsunswim,https://www.facebook.com/thorsunswim,134925a9736f6efb0e929146f73df63c3c188cf2b214742e30ec928c2866129d,1,1015,1049,Thorsun,continuation-209,zero,995026980552148,0,0,true,,false,NO_KNOWN_ISSUES
65,https://www.facebook.com/nimblemade,https://www.facebook.com/nimblemade,13fc82134888240affdfa55e92c837b7805c5185b56ea7e4cb49e2c5117dde9c,1,347,379,Nimble Made,continuation-209,zero,223454095002324,0,0,true,,false,NO_KNOWN_ISSUES
66,https://www.facebook.com/pages/Modern-Abolition/223753691031040,https://www.facebook.com/pages/modern-abolition/223753691031040,1451f91ac047c6202dd124d0eebcc2b1ff701ed2ee48359184e9f22dd0c643f9,1,798,832,MODERN ABOLITION,partial-803,positive,223753691031040,3,3,true,,false,NO_KNOWN_ISSUES
67,https://www.facebook.com/jeffrey.bartlett.18,https://www.facebook.com/jeffrey.bartlett.18,14df1b4f77f0e4a78f367997845ccc83b8a10dc45f66076521543ee3c2e0e32d,1,891,925,Jeffrey Bartlett Clothiers,continuation-209,error,,,,,no_items,,
68,https://www.facebook.com/TownShopNYC,https://www.facebook.com/townshopnyc,15272b0970f48d50e8ca9eaacd208eae9aea7674b1970674489e8e043e57d79d,1,83,84,Town Shop,partial-803,positive,171959229560303,1,1,true,,false,NO_KNOWN_ISSUES
69,https://www.facebook.com/pages/Furniture-Consignment-Gallery/252217738875,https://www.facebook.com/pages/furniture-consignment-gallery/252217738875,1580d42edb06ed0a6b253dc4208ace438e45c8613239a46ae2a6e754ee7c0476,1,808,842,Furniture Consignment Gallery,partial-803,positive,252217738875,16,16,true,,false,NO_KNOWN_ISSUES
70,https://www.facebook.com/people/BluBlonc/100083412557213,https://www.facebook.com/people/blublonc/100083412557213,158b79da14678255dc9a385e48322280ae5d9b29d7f8dce2e87661bfe4d2636b,1,272,304,Blublonc Handcrafted Footwear,partial-803,zero,101844572566721,0,0,true,,false,NO_KNOWN_ISSUES
71,https://www.facebook.com/Haute24,https://www.facebook.com/haute24,1617fd98e68724ffbcf115e2770b99f6fdb4350cdedf74202e5a52fb8aa8511d,1,905,939,Haute24.com,partial-803,zero,1988867808042213,0,0,true,,false,NO_KNOWN_ISSUES
72,https://www.facebook.com/ladyblacktie,https://www.facebook.com/ladyblacktie,161ef691c11d0ad650c0445991d358f98487f931bfcdf949d2f310e005aeeb7f,1,413,445,Lady Black Tie,continuation-209,positive,2179637902294686,11,11,true,,false,NO_KNOWN_ISSUES
73,https://www.facebook.com/suayhats,https://www.facebook.com/suayhats,16357e85b13697c8b142deaf65fc4fb2c0ecca634b07809b8384d4cffcb5b761,1,733,767,Suay,partial-803,positive,461686721285894,49,30,false,,false,NO_KNOWN_ISSUES
74,https://www.facebook.com/eastmeetsdress,https://www.facebook.com/eastmeetsdress,16b45b74c7c66fd0ef255a31bce9063a0d1737a1b0d8eef5949d35c10c05fa21,1,928,962,East Meets Dress,continuation-209,positive,197569310871271,3,3,true,,false,NO_KNOWN_ISSUES
75,https://www.facebook.com/weballsports.,https://www.facebook.com/weballsports.,16b52008cebb863e1097e8106ae49347933662a4fc85d73abe5d2175ce64f093,1,30,31,We Ball Sports,partial-803,zero,131562157510312,0,0,true,,false,NO_KNOWN_ISSUES
76,https://www.facebook.com/BobbiToads,https://www.facebook.com/bobbitoads,1710fda15a00b1ba698b6bdc85f6a221d30ee956788d4b00ce2d67cc6b3cac01,1,612,645,Bobbi-Toads,partial-803,zero,461118040583002,0,0,true,,false,NO_KNOWN_ISSUES
77,https://www.facebook.com/twin.thatswhatineed,https://www.facebook.com/twin.thatswhatineed,173bdc1666d750ea16c6be5512f3eefceeb832ceacd1930873e5f4c085f08abc,1,74,75,T.W.I.N. (That's What I Need),partial-803,zero,100361565507701,0,0,true,,false,NO_KNOWN_ISSUES
78,https://www.facebook.com/beecroftandbull,https://www.facebook.com/beecroftandbull,17a9f1e6431d53d281c340c377c1316df3b5d59868114cab688460f4ae836396,1,976,1010,beecroft & bull,partial-803,positive,106931148809,2,2,true,,false,NO_KNOWN_ISSUES
79,https://www.facebook.com/hutchdesignNYC,https://www.facebook.com/hutchdesignnyc,17b019c399c5fe7bb5b4bc78e8fc33af3acc3a912a421fceef42d6e7219b07a1,1,457,489,Hutch,partial-803,zero,180092338738880,0,0,true,,false,NO_KNOWN_ISSUES
80,https://www.facebook.com/alldayrunningco,https://www.facebook.com/alldayrunningco,183868543f2ae94ebc003359f3ca154dfe39b60909d203a9c7a7561c42f96b5d,1,660,693,All Day Running Co.,partial-803,zero,103737755565773,0,0,true,,false,NO_KNOWN_ISSUES
81,https://www.facebook.com/blackonblackbk,https://www.facebook.com/blackonblackbk,186e0f978609c2d022cbb031b421d2d833d7aa1c5592c85a92e362dce589c205,1,970,1004,BLACK ON BLACK,partial-803,zero,503527879820003,0,0,true,,false,NO_KNOWN_ISSUES
82,https://www.facebook.com/capricebespoke,https://www.facebook.com/capricebespoke,1876b1f67138f3f87fff89cc261c0c0b635559882942bf40dcfcb7983e494d64,1,596,629,CAPRICE BESPOKE®,partial-803,zero,103956421596255,0,0,true,,false,NO_KNOWN_ISSUES
83,https://www.facebook.com/syncperformance,https://www.facebook.com/syncperformance,189711034f07b7248df5ae3940701b72460ba91d97adb72ce8a04e8f8bdb4f4b,1,115,116,SYNC Performance,continuation-209,positive,752012678144217,26,26,true,,false,NO_KNOWN_ISSUES
84,https://www.facebook.com/crosbybymollieburch,https://www.facebook.com/crosbybymollieburch,18b6a197d669d0cc98536d4aa72b58dfca964fc8a3c67f6569b93bf435b481e8,1,572,605,CROSBY by Mollie Burch,partial-803,positive,754345418027196,20,14,true,,false,NO_KNOWN_ISSUES
85,https://www.facebook.com/virusintl,https://www.facebook.com/virusintl,18ff33b7b06615c9f69a9d6364b94cd392c6ea3ca72d8777f614456c4f2f2911,1,58,59,Virus International,partial-803,positive,109780999105715,15,15,true,,false,NO_KNOWN_ISSUES
86,https://www.facebook.com/pages/Haute-Rebellious/114687235257283,https://www.facebook.com/pages/haute-rebellious/114687235257283,19157bb9c1a9e92d6e8891f6c22a97129a4fd548c16ace3c97a33274dd646500,1,803,837,Haute & Rebellious,partial-803,zero,114687235257283,0,0,true,,false,NO_KNOWN_ISSUES
87,https://www.facebook.com/VergeSport,https://www.facebook.com/vergesport,1921b2c0ab4d7632da057bec21bff63360be46e6544e4f502a8d67b7788dfeee,1,60,61,Verge Sport,partial-803,positive,213405769439,16,16,true,,false,NO_KNOWN_ISSUES
88,https://www.facebook.com/Bloomlala-235465517286631,https://www.facebook.com/bloomlala-235465517286631,1926472ae7b450db20a06fee95ae277cb076cad857b7d89d6a44bba252b93699,1,615,648,Bloomlala,partial-803,zero,235465517286631,0,0,true,,false,NO_KNOWN_ISSUES
89,https://www.facebook.com/kind.design,https://www.facebook.com/kind.design,1939e6506ffc17ff8f96cd4f5d98191fa22347dcfb85eab66f4e62c4c2d7cd5b,1,425,457,Kind Design,partial-803,positive,123620924347000,4,4,true,,false,NO_KNOWN_ISSUES
90,https://www.facebook.com/SimplySoles,https://www.facebook.com/simplysoles,1951ccf6c63b914a38b33ba1ae48906835f26f1dbbe9d7e6f5cc34c17b9e6f46,1,745,779,SimplySoles Inc.,partial-803,zero,12657403989,0,0,true,,false,NO_KNOWN_ISSUES
91,https://www.facebook.com/NuudiiSystem,https://www.facebook.com/nuudiisystem,1968da966a5c397f4229b676ce5ab485f62ef3a8873eef45769cb2fa1de2425d,1,337,369,Nuudii System,partial-803,positive,338266733416414,37,30,false,,false,NO_KNOWN_ISSUES
92,https://www.facebook.com/ebenezerhats,https://www.facebook.com/ebenezerhats,1989d737137630846b94774ac510843a05ca4efc8015493eedcda6656b0bcdfa,1,927,961,Ebenezer Hats,partial-803,zero,105842952601954,0,0,true,,false,NO_KNOWN_ISSUES
93,https://www.facebook.com/avidgear,https://www.facebook.com/avidgear,1a51a0f85d445760bf5a15b87e90ca48d404af63f3a5c8d2098a7480dfada2af,1,984,1018,AVID Sportswear,partial-803,positive,231178436893462,3,3,true,,false,NO_KNOWN_ISSUES
94,https://www.facebook.com/ewoolwearables,https://www.facebook.com/ewoolwearables,1a891e6f7f81dae59c1d8f6174577dff2621ed673b790ccc900b46db4033d96c,1,524,557,ewool,partial-803,zero,192173834757064,0,0,true,,false,NO_KNOWN_ISSUES
95,https://www.facebook.com/shopyandi,https://www.facebook.com/shopyandi,1ac28b7ab0d0ab145132c18482635e2baa54d9f5fc1845c13abb03f1d0f973ec,1,157,158,y&i clothing boutique,continuation-209,error,,,,,no_items,,
96,https://www.facebook.com/oddliclothing,https://www.facebook.com/oddliclothing,1b7702d398ae2d123eca3a294359f9042a6913c1a015abc3b24b0dcba819a23b,1,836,870,Oddli,continuation-209,error,,,,,no_items,,
97,https://www.facebook.com/cavitycolorsaaron,https://www.facebook.com/cavitycolorsaaron,1b9df08ce3fee35a93417b9a5ff5b6bb89974292f0037ebcd87825e1f425648e,1,950,984,CavityColors,partial-803,error,,,,,no_items,,
98,https://www.facebook.com/zenazioraofficial,https://www.facebook.com/zenazioraofficial,1c0f47725391d39176f6a690ac5ef73f7a067e1529aa30213fa07c70201c1774,1,5,6,Zena Ziora,partial-803,zero,103808591501120,0,0,true,,false,NO_KNOWN_ISSUES
99,https://www.facebook.com/4T2DVT,https://www.facebook.com/4t2dvt,1c3a17fbe21fdf8ee4d40ae0f9d09a753af8a12027a672dc382437c3b763939f,1,677,710,4T2D [Fourtitude],partial-803,zero,103171242040553,0,0,true,,false,NO_KNOWN_ISSUES
100,https://www.facebook.com/howlandhide,https://www.facebook.com/howlandhide,1c589be4bc56c636ad3dc21338950f8995a101918c7e96db76f172fdad4783f2,1,459,491,Howl + Hide Supply,partial-803,zero,1531778367091264,0,0,true,,false,NO_KNOWN_ISSUES
101,https://www.facebook.com/unfinishedlegacy,https://www.facebook.com/unfinishedlegacy,1c84868b68b5dd02bd47b105267478eaed618225909e10990dd17001ee9646df,1,68,69,Unfinished Legacy,partial-803,zero,151758224976640,0,0,true,,false,NO_KNOWN_ISSUES
102,https://www.facebook.com/faintrevival,https://www.facebook.com/faintrevival,1cae0f6e24fcd34d046a0a896d671f67653309a0b004d93deceb0e5470a7fbe2,1,522,555,Faint Revival,partial-803,zero,364613770661292,0,0,true,,false,NO_KNOWN_ISSUES
103,https://www.facebook.com/Mourenne,https://www.facebook.com/mourenne,1cb04c021bfc70b006fb6bbaa3294d5913213c6dc2efa096402c99c6918b0173,1,361,393,MOURÈNNE,partial-803,zero,103023148904940,0,0,true,,false,NO_KNOWN_ISSUES
104,https://www.facebook.com/therubymint,https://www.facebook.com/therubymint,1cc7b57db11e6e773c3c4ca351c84b9ba094531291db8f6fa169d2488b0d3ab4,1,722,756,Ruby Mint®,continuation-209,error,,,,,no_items,,
105,https://www.facebook.com/FioriGolf,https://www.facebook.com/fiorigolf,1ce7f55035c6afc772794d053beb11712e5bc070242db0049ac6367694242da5,1,514,547,Fiori Golf,partial-803,positive,103125725239426,6,6,true,,false,NO_KNOWN_ISSUES
106,https://www.facebook.com/intenseoud,https://www.facebook.com/intenseoud,1d4ca1ee2c794811977e329d97fd0f631ea8e666a6d7f905d5720969d45997d5,1,449,481,Intense Oud Inc,partial-803,positive,621784608000303,29,29,true,,false,NO_KNOWN_ISSUES
107,https://www.facebook.com/hashke.ee,https://www.facebook.com/hashke.ee,1d6a68a39d532ea7501fc2b50b8aabb7aaae018e19917f9ab4b972cc400e9c9e,1,473,505,Hashké,continuation-209,error,,,,,no_items,,
108,https://www.facebook.com/befreeadaptiveclothing,https://www.facebook.com/befreeadaptiveclothing,1db40e2c9c24391b41aad6f38d607ae89e1577014ca8746129d0ea69747e42b1,1,628,661,"befree, LLC Adaptive Clothing",partial-803,positive,486349681553422,11,11,true,,false,NO_KNOWN_ISSUES
109,https://www.facebook.com/hijulez,https://www.facebook.com/hijulez,1e0a27136d35bf3be58e47668c0fefafe5b21dd75cd21cf8d3e933faca58a71c,1,466,498,hijulez,partial-803,zero,1718112161834854,0,0,true,,false,NO_KNOWN_ISSUES
110,https://www.facebook.com/zaadressupstudio,https://www.facebook.com/zaadressupstudio,1e1f1f16b52a6658e8ef58766dfb711c9b0b7b8223566f95e2c58ac077356b93,1,7,8,z•aa dress up studio,partial-803,zero,256219154890134,0,0,true,,false,NO_KNOWN_ISSUES
111,https://www.facebook.com/rockfordcollection,https://www.facebook.com/rockfordcollection,1e339f55c305687bd9ca9b1bf8a7dddc43b634861db7c2e66591a0006cb80f27,1,208,211,Rockford Collection,partial-803,positive,946746905419471,149,30,false,,false,NO_KNOWN_ISSUES
112,https://www.facebook.com/fashom,https://www.facebook.com/fashom,1e4b61314019a96c36277c494422697fc7d31225f393455643b0e1f6fa037b98,1,1011,1045,Fashom,continuation-209,zero,196258767206429,0,0,true,,false,NO_KNOWN_ISSUES
113,https://www.facebook.com/people/Deming-Recovery/61555671069686,https://www.facebook.com/people/deming-recovery/61555671069686,1ee7b8c2fbc59393effc10254c706798cbbe55d0a48cb86a6d91fb722a40e7a8,1,268,300,Deming,continuation-209,positive,193776687159895,84,30,false,,false,NO_KNOWN_ISSUES
114,https://www.facebook.com/eastxeastnewyork,https://www.facebook.com/eastxeastnewyork,1f099b46d7420066e32d54b74c2ec18a91e01e3adf30c117cf268aeb3917116d,1,539,572,EAST x EAST,partial-803,zero,104381889043188,0,0,true,,false,NO_KNOWN_ISSUES
115,https://www.facebook.com/aspinwallmountainwear,https://www.facebook.com/aspinwallmountainwear,1f2e966cc00f067806d4ea9eb150b5831fdd87aa48731f64bcc23ece87f6f4b9,1,987,1021,Aspinwall Mountain Wear,partial-803,positive,397199933785139,13,13,true,,false,NO_KNOWN_ISSUES
116,https://www.facebook.com/MOMMALABEL,https://www.facebook.com/mommalabel,1f67f94e76b6194371bf142a16f9df1423ef30b0f3770cc53f1063ae5cb97831,1,363,395,MOMMA,partial-803,zero,108558234335038,0,0,true,,false,NO_KNOWN_ISSUES
117,https://www.facebook.com/Terracea,https://www.facebook.com/terracea,1f6ecf5c683f6debe9fd3966a80c64fcb7456d9b4c404636344cba759abeacaa,1,110,111,TERRACEA,partial-803,zero,1628937044088778,0,0,true,,false,NO_KNOWN_ISSUES
118,https://www.facebook.com/corvojewelry,https://www.facebook.com/corvojewelry,2003fba59bfa7801e0ab657ed1d6162f063279d6a24fa48e78fcfb35a3d86d10,1,576,609,Corvo Jewelry,partial-803,zero,107225447299885,0,0,true,,false,NO_KNOWN_ISSUES
119,https://www.facebook.com/WestonHeatedApparel,https://www.facebook.com/westonheatedapparel,202c3e9d84f23c68f4ffe756b78750194bd55749271ecab9f5885bd3b4322f02,1,28,29,Weston Heated Apparel,partial-803,positive,103828709001142,19,19,true,,false,NO_KNOWN_ISSUES
120,https://www.facebook.com/jbrds.kids,https://www.facebook.com/jbrds.kids,20e9630cd56d37ea5030ce2917714e5b91ec231b9724b546ef9dbf986f431c82,1,892,926,jbrds,continuation-209,error,,,,,no_items,,
121,https://www.facebook.com/TeamLinville,https://www.facebook.com/teamlinville,2121e6b1b8014ec1673651a0ca4842149b91a3201b09b57c52ef7b863b4e3396,1,112,113,Team Linville LLC,partial-803,zero,1813368822259721,0,0,true,,false,NO_KNOWN_ISSUES
122,https://www.facebook.com/p/Ian-Design-Company-61554576957653,https://www.facebook.com/p/ian-design-company-61554576957653,218a7c2c13615ec0942f79d3fb6f4482b6e7ad3fae0de2760b8313a608866249,1,312,344,Ian Design Co,partial-803,zero,172136389324090,0,0,true,,false,NO_KNOWN_ISSUES
123,https://www.facebook.com/adsumnyc,https://www.facebook.com/adsumnyc,21955ab5d3462f347db11789a24d982492d8cd01441d84753d39c2a35e10ad5e,1,669,702,Adsum,partial-803,positive,156546594694890,1,1,true,,false,NO_KNOWN_ISSUES
124,https://www.facebook.com/skntones,https://www.facebook.com/skntones,22267badf98801b23e2a0082f73aea89f48c559395990b4b54dd11a4a2d3e224,1,150,151,Skntones™,continuation-209,zero,113145797271373,0,0,true,,false,NO_KNOWN_ISSUES
125,https://www.facebook.com/optimistmade,https://www.facebook.com/optimistmade,2317dcacf25b714b1a3533d3b6fe69a3686a0399a1079aaca8d43137dbeb0643,1,328,360,Optimist Made,partial-803,zero,160412258112120,0,0,true,,false,NO_KNOWN_ISSUES
126,https://www.facebook.com/WaldenAthletic,https://www.facebook.com/waldenathletic,2346d9a8a53daa40852f04f01c975cd39693dbcb86cdf72c185f79cca3c5ea39,1,51,52,Walden Outdoor Athletic LLC,partial-803,zero,275812672947398,0,0,true,,false,NO_KNOWN_ISSUES
127,https://www.facebook.com/nukuswim,https://www.facebook.com/nukuswim,236d6ddeabf7e6a6effd7e3181ecae9e9e16ae4bf22aacb668632456597a186f,1,338,370,Nuku Swim,partial-803,zero,215517948931382,0,0,true,,false,NO_KNOWN_ISSUES
128,https://www.facebook.com/thesoulproject,https://www.facebook.com/thesoulproject,237171990600f13d58403023289167ad9b9cf6adb572d7b423dd4f60e09eee09,1,721,755,SOUL Project,partial-803,zero,209610409063143,0,0,true,,false,NO_KNOWN_ISSUES
129,https://www.facebook.com/kadenandkai,https://www.facebook.com/kadenandkai,23daa8f1712486629bfcc9d001a1510983f3cd65718b8fe0a432cad5e717e4d9,1,432,464,KADEN & KAI,partial-803,zero,547301515448142,0,0,true,,false,NO_KNOWN_ISSUES
130,https://www.facebook.com/Tronusofficialshoes,https://www.facebook.com/tronusofficialshoes,24509a956d86114ddd79dcec4ce53c7ecb38677ec9b53f79de766df8ec9b77b3,1,78,79,"TRONUS FOOTWEAR, LLC",partial-803,zero,109269724142778,0,0,true,,false,NO_KNOWN_ISSUES
131,https://www.facebook.com/NGEL.Kelowna,https://www.facebook.com/ngel.kelowna,2498b803a3aeba171d65d0d8d40640e11c9fad86d840f7d4c21a63a93dfecb4b,1,350,382,Naughty Girl Essentials Lingerie,continuation-209,error,,,,,no_items,,
132,https://www.facebook.com/bffsandbabes,https://www.facebook.com/bffsandbabes,261f751ded06333ed2a2d05da13c0a5b01c58f56665055f8a1146f38b7ca9bdc,1,621,654,BFFS & BABES,partial-803,zero,350093782362088,0,0,true,,false,NO_KNOWN_ISSUES
133,https://www.facebook.com/patchesandpinsstore,https://www.facebook.com/patchesandpinsstore,2630d835e0457441c075646bcc45afb05c0cb4b95d27311a8d8fa31a15e67623,1,279,311,Patches & Pins,partial-803,positive,277127858992931,13,13,true,,false,NO_KNOWN_ISSUES
134,https://www.facebook.com/primogolfapparel,https://www.facebook.com/primogolfapparel,263c3d0771406d0588d455f881f6d883832810e85460e54bea6ad12af3bec5f6,1,238,270,Primo Golf Apparel,partial-803,positive,104704691292729,93,30,false,,false,NO_KNOWN_ISSUES
135,https://www.facebook.com/kashwere,https://www.facebook.com/kashwere,26a474cd2a5dac074e16c9ef75525c3e1e7ecd690f7a740db6dbe64155355b0f,1,430,462,Kashwere,partial-803,positive,145489388857632,11,11,true,,false,NO_KNOWN_ISSUES
136,https://www.facebook.com/santosbymonica,https://www.facebook.com/santosbymonica,26def673c498359ca768c39eacee7b695f8796abed688c007da28a6e6932793e,1,198,201,Santos by Mónica,partial-803,positive,110750600613019,50,30,false,,false,NO_KNOWN_ISSUES
137,https://www.facebook.com/CaleandCael,https://www.facebook.com/caleandcael,2708c71aae570c3bd96e23f0e6345b533baa4ffaa88c4cf2e3aead6672482e15,1,600,633,CALE & CAEL,partial-803,positive,1077131799144751,1,1,true,,false,NO_KNOWN_ISSUES
138,https://www.facebook.com/shortpar4,https://www.facebook.com/shortpar4,2737e5c9f565a70800fb49c97cbc6f64b804a567302e87cf3166ff41e759c038,1,749,783,Short Par 4,partial-803,positive,1443212639243379,13,13,true,,false,NO_KNOWN_ISSUES
139,https://www.facebook.com/JAVIFOOTWEAR,https://www.facebook.com/javifootwear,27f5de76995c7fa9a835ed3e9a47611b99d3700af5ead8d341c5dbf3526b3799,1,438,470,JAVI USA,partial-803,positive,1096473507045724,1,1,true,,false,NO_KNOWN_ISSUES
140,https://www.facebook.com/OSAYthelabelnew,https://www.facebook.com/osaythelabelnew,28360c8fab622dc441dda04d676659af5851555f2a5be44825f9f895a5a98bb8,1,325,357,OSAY THE LABEL,continuation-209,zero,171654016293462,0,0,true,,false,NO_KNOWN_ISSUES
141,https://www.facebook.com/p/Scandal-Italy-100066904429031,https://www.facebook.com/p/scandal-italy-100066904429031,288afdd53debf178c700d3fd7d59030e53f691136d54e8cc116a4f6e3290f07d,1,294,326,Scandal Italy,partial-803,zero,100860198823345,0,0,true,,false,NO_KNOWN_ISSUES
142,https://www.facebook.com/@wildhawkunderwear,https://www.facebook.com/@wildhawkunderwear,28c0a228ac14ba027b2d9ff5ee919f797e26d396b05123ad8aca2c9d6837b06c,1,683,716,Wildhawk,partial-803,positive,281874338332465,38,30,false,,false,NO_KNOWN_ISSUES
143,https://www.facebook.com/Tyvynyc,https://www.facebook.com/tyvynyc,28eb1add1fe231d89708351d5ca3aecb74eb3e7e7f56abd3de54aaf0b3e3c226,1,70,71,TYVY New York,partial-803,positive,420496191152814,18,18,true,,false,NO_KNOWN_ISSUES
144,https://www.facebook.com/bootybrabants,https://www.facebook.com/bootybrabants,297c1424a6b7d73bdb140b799461af12ebeb1dd72e0f10320a495eebcf43b324,1,963,997,Booty by Brabants,partial-803,zero,234964886681950,0,0,true,,false,NO_KNOWN_ISSUES
145,https://www.facebook.com/soundoffdesign,https://www.facebook.com/soundoffdesign,29d7f61f2adc32d93d8ecd5b7b25754c51b068a3f7d26690bee531a901ef9212,1,738,772,SOUNDOFF,partial-803,zero,1705005353118059,0,0,true,,false,NO_KNOWN_ISSUES
146,https://www.facebook.com/southernlure,https://www.facebook.com/southernlure,29e3114c2290f8f1f41abf10edf3d0b871fdf50cc97d3124ed6b1f5811a6ef25,1,138,139,Southern Lure,partial-803,zero,534604439947883,0,0,true,,false,NO_KNOWN_ISSUES
147,https://www.facebook.com/TheraFitShoe,https://www.facebook.com/therafitshoe,2a1537418eb49618aa4d83294d4e5981fb85498fc2745f3692bff6f813472094,1,92,93,Therafit Shoe,partial-803,positive,251657524925526,7,3,true,,false,NO_KNOWN_ISSUES
148,https://www.facebook.com/arvingoods,https://www.facebook.com/arvingoods,2a99ac2a20119a9ce3a85864f83d64a7686636ff0c3f2476d4c045eb08a1c057,1,649,682,Arvin Goods,partial-803,zero,1503926879896868,0,0,true,,false,NO_KNOWN_ISSUES
149,https://www.facebook.com/mariemurusa,https://www.facebook.com/mariemurusa,2b2522ba0f88fc1a39213fdcb499477429f6d25591261ef82db6a73d578f465c,1,861,895,MARIEMUR,continuation-209,error,,,,,no_items,,
150,https://www.facebook.com/solios,https://www.facebook.com/solios,2b3d033082509ba6e66632b25ae96fd4a663098f8c028d4d12b2e221bce2a0d8,1,142,143,SOLIOS Watches,partial-803,zero,732949113724386,0,0,true,,false,NO_KNOWN_ISSUES
151,https://www.facebook.com/p/REVI-GEAR-61579167747775,https://www.facebook.com/p/revi-gear-61579167747775,2b4355d0042ddbffb7d04c00105e922136266351734a4dae2aa6e90f7f13e9f9,1,297,329,Revi,partial-803,zero,695950050277077,0,0,true,,false,NO_KNOWN_ISSUES
152,https://www.facebook.com/milonicki,https://www.facebook.com/milonicki,2b73493eed8fe603159e52107aec7f78c5a7d3ab6354824a530af99a99521e97,1,854,888,milo+nicki,continuation-209,zero,161943784223741,0,0,true,,false,NO_KNOWN_ISSUES
153,https://www.facebook.com/AlexanderDaas,https://www.facebook.com/alexanderdaas,2bafc22de86392278e15b16a7e591a0d5715f4087cc62d7d0450d1eb5c2f802a,1,663,696,Alexander Daas Eyewear & Opticians,continuation-209,zero,109437282423006,0,0,true,,false,NO_KNOWN_ISSUES
154,https://www.facebook.com/MachApparelTri,https://www.facebook.com/machappareltri,2bee4d77a401f5d4e6c76facd815d154d743517473ce4573f8146d90b6e1851d,1,388,420,Mach Apparel,partial-803,zero,300851254087437,0,0,true,,false,NO_KNOWN_ISSUES
155,https://www.facebook.com/FitSole.Egypt,https://www.facebook.com/fitsole.egypt,2c17cc4968f03aee0ed65aa474a101a4e6582ffb85911f839f8d254555146f61,1,513,546,Fitsole,partial-803,positive,559806047709050,25,25,true,,false,NO_KNOWN_ISSUES
156,https://www.facebook.com/alpacasofmt,https://www.facebook.com/alpacasofmt,2c284528a5133dcc8b263497e81966fe502ca473cb6fbe6911bb69f7b7b06682,1,658,691,"Alpacas Of Montana, Inc.",partial-803,positive,670588316352465,37,30,false,,false,NO_KNOWN_ISSUES
157,https://www.facebook.com/Crosskix,https://www.facebook.com/crosskix,2c4e340230ef343d43a31897ca47f8e678f390e4f29f9ebd89b87dc95702bb54,1,940,974,Crosskix,partial-803,positive,601380873212642,116,28,false,,false,NO_KNOWN_ISSUES
158,https://www.facebook.com/westpathsupply,https://www.facebook.com/westpathsupply,2c6564f0eab117cb9386230157908b33979a8c4b4dc23b457393b6ec1d8c4045,1,27,28,West Path,partial-803,zero,1193125114087408,0,0,true,,false,NO_KNOWN_ISSUES
159,https://www.facebook.com/TricksterCompany,https://www.facebook.com/trickstercompany,2c698519f2b40ef97c2d83c54738bb819fcd7435a6a105b3513888cb98a932db,1,79,80,Trickster Company,partial-803,positive,237107953071453,2,2,true,,false,NO_KNOWN_ISSUES
160,https://www.facebook.com/lunasandals,https://www.facebook.com/lunasandals,2c85e379a9db74474802568c216d9e07315f53790308a10b20b98fdcaaa542c2,1,867,901,LUNA Sandals LLC,partial-803,positive,165517190155252,1,1,true,,false,NO_KNOWN_ISSUES
161,https://www.facebook.com/gofizzy,https://www.facebook.com/gofizzy,2c9628ef666d745ae120f0e6879cce4c1d45a9dac2bfbcf5dee23a522e51ebfc,1,912,946,Wear Fizzy,continuation-209,error,,,,,no_items,,
162,https://www.facebook.com/theebwrap,https://www.facebook.com/theebwrap,2c9eca05180eb0bf818e098cacff8c604788d39a40ae3c03f559af9265646416,1,103,104,The EveryBody Wrap®,partial-803,zero,997943856915483,0,0,true,,false,NO_KNOWN_ISSUES
163,https://www.facebook.com/people/Ruby-Jones/61584621642475,https://www.facebook.com/people/ruby-jones/61584621642475,2cf2221c3bed44acbc2fe87711ab2468a8703ea6105f960679985b4b8936511d,1,259,291,Ruby Jones,partial-803,zero,936378322885391,0,0,true,,false,NO_KNOWN_ISSUES
164,https://www.facebook.com/slumbersleepwearbrand,https://www.facebook.com/slumbersleepwearbrand,2d0c95c65b45fe26261768909c144ea2c5b53d07d5dfa47d278f61587f28c91e,1,148,149,Slumber Sleepwear,partial-803,zero,165941209928585,0,0,true,,false,NO_KNOWN_ISSUES
165,https://www.facebook.com/dondolo.official,https://www.facebook.com/dondolo.official,2d3ab50a2772e68c5b2c0cdb4fbcb2c384681b9c0fec7bfb94073fbf5d1c195a,1,550,583,Dondolo,continuation-209,zero,391242787579261,0,0,true,,false,NO_KNOWN_ISSUES
166,https://www.facebook.com/delfinasport123,https://www.facebook.com/delfinasport123,2d49ea8828ef67acd42365ee4f1de6e289a92753dea440d70ba108ca856efd49,1,560,593,Delfina Sport,partial-803,zero,244532352390209,0,0,true,,false,NO_KNOWN_ISSUES
167,https://www.facebook.com/cockpitusa,https://www.facebook.com/cockpitusa,2d5f17a12913796e313b9cd73eec5d3aad6b799a8a024a4fba9018f7af000081,1,587,620,"CPT USA LLC, DBA Cockpit USA",partial-803,zero,52433295208,0,0,true,,false,NO_KNOWN_ISSUES
168,https://www.facebook.com/p/ZIBOO-61558586803700,https://www.facebook.com/p/ziboo-61558586803700,2ddfc2d5bb7dc91a4041146a0546f27fcf96cd55362df3734b893ed5db203a75,1,288,320,ZIBOO,partial-803,zero,242996218908022,0,0,true,,false,NO_KNOWN_ISSUES
169,https://www.facebook.com/austinandfowler,https://www.facebook.com/austinandfowler,2e7bf6e6f458b2318fbf0eb4d2d5554b27ac51b87031917353ec4cf0ed4e221a,1,641,674,Austin | Fowler,partial-803,positive,1554692591449027,26,26,true,,false,NO_KNOWN_ISSUES
170,https://www.facebook.com/Tara-Grinna-Swimwear-Page/138098452909658,https://www.facebook.com/tara-grinna-swimwear-page/138098452909658,2ebc9c46a6c7b3b0e136dc5ead00cdefc58bc0d90fb6fbbea9a0940f8608c168,1,728,762,Tara Grinna Swimwear,continuation-209,error,,,,,no_items,,
171,https://www.facebook.com/glittertrunk,https://www.facebook.com/glittertrunk,2f10d6c291a427d3033cc92477b4c4d048643fce6d3f98be8f3a8d44374a2563,1,1021,1055,Glitter Trunk Jewelry,partial-803,zero,983678864979982,0,0,true,,false,NO_KNOWN_ISSUES
172,https://www.facebook.com/lily.lark1,https://www.facebook.com/lily.lark1,2f7635264e2ac3466609c123e6eced33815df492028bca6fc4ad404aaa077cae,1,403,435,Lily-Lark,continuation-209,positive,1450640641817300,5,5,true,,false,NO_KNOWN_ISSUES
173,https://www.facebook.com/FinleyShirts,https://www.facebook.com/finleyshirts,2fc4dcf5678bc7da07f52ae179f16e518039f8c4e1ce1222155a8d917ea3a495,1,515,548,Finley Shirts,partial-803,positive,150276281880,12,12,true,,false,NO_KNOWN_ISSUES
174,https://www.facebook.com/oyceeclothing,https://www.facebook.com/oyceeclothing,2ffbb2691a3f1db098d617107279988e70e59ad66a5733c671124f4d59ed2426,1,323,355,OYCEE,partial-803,zero,311142516288427,0,0,true,,false,NO_KNOWN_ISSUES
175,https://www.facebook.com/Protalus,https://www.facebook.com/protalus,30657c700485cf9cbdaa5d6cad3d1e8d400f4b0f01bb01c12c5d993a25f52280,1,227,230,Protalus,continuation-209,positive,263682907118099,33,30,false,,false,NO_KNOWN_ISSUES
176,https://www.facebook.com/lahangatelier,https://www.facebook.com/lahangatelier,30c5598c54d01468abd926da4ad4a47cfd2f783482a8281cc30e8bf55c6f3adb,1,412,444,Atelier de La Hang,continuation-209,error,,,,,no_items,,
177,https://www.facebook.com/partslabour,https://www.facebook.com/partslabour,31a2195791761127c8186224aa0d88ed89a87e19a34a6bce22d10f28c88b416a,1,281,313,Parts + Labour,partial-803,zero,110119569008593,0,0,true,,false,NO_KNOWN_ISSUES
178,https://www.facebook.com/thegreatcanadiansoxshop,https://www.facebook.com/thegreatcanadiansoxshop,31e9ec7d133ad46c6ebcd022affe4431516280ba9f3c436efecd771392475dae,1,723,757,The Great Canadian Sox co,partial-803,positive,1740159846239720,102,30,false,,false,NO_KNOWN_ISSUES
179,https://www.facebook.com/hipandbone,https://www.facebook.com/hipandbone,3204780ddb02d02f3b70b8dc9c256c251e2ae281879c7ccf332df9eba85c7ca6,1,465,497,HIP AND BONE,partial-803,zero,140925182609183,0,0,true,,false,NO_KNOWN_ISSUES
180,https://www.facebook.com/shopblackable,https://www.facebook.com/shopblackable,322f817bbbfa620b67b1d109a1330992b0d5a41992b7412a0cf5509e59bfd636,1,179,180,Blackable,partial-803,zero,705861792603564,0,0,true,,false,NO_KNOWN_ISSUES
181,https://www.facebook.com/okaicos,https://www.facebook.com/okaicos,32432c37b6dd1510110fc4d1d5bbfae71210d4df2ed72a019063311e96e87044,1,330,362,Okaicos,partial-803,positive,144290179398628,14,13,true,,false,NO_KNOWN_ISSUES
182,https://www.facebook.com/felonycase,https://www.facebook.com/felonycase,3282364f4a4b4ce52144cc455532086ce0f634f4e2d994233235115f97fd967e,1,517,550,Felony Case,partial-803,zero,303115736430782,0,0,true,,false,NO_KNOWN_ISSUES
183,https://www.facebook.com/princess31415,https://www.facebook.com/princess31415,3298cd60e81053755d1b50d9fca27632e2479c19253dd39e6e13b865c950d0b3,1,774,808,Princess Awesome & Boy Wonder,partial-803,positive,175354239328989,68,30,false,,false,NO_KNOWN_ISSUES
184,https://www.facebook.com/shopdailybloom,https://www.facebook.com/shopdailybloom,3344a051f0e98ff3acd11e035a90c2b2d0a809edecf7a9e3b56194fa0f36f00e,1,175,176,Daily Bloom,partial-803,zero,467155176470859,0,0,true,,false,NO_KNOWN_ISSUES
185,https://www.facebook.com/hollowsocks,https://www.facebook.com/hollowsocks,336161d505f83c3a7aff9deb4a34bb0927700f4712bb6f1344c78ed9c803e1cc,1,463,495,Hollow,continuation-209,positive,111034490269087,413,29,false,,false,NO_KNOWN_ISSUES
186,https://www.facebook.com/nbtclothingofficial,https://www.facebook.com/nbtclothingofficial,3369866a0a9a00fef1ce7eb2fba65e0528c541c6f942a2d2b9e605aa83f14dbd,1,353,385,NBT Clothing,partial-803,positive,109778754714595,94,30,false,,false,NO_KNOWN_ISSUES
187,https://www.facebook.com/gruffandtumbleunderwear,https://www.facebook.com/gruffandtumbleunderwear,3385ce31377515503349e394c4aaa93d1933c0d233489d56bc179366614541ad,1,481,513,Gruff + Tumble,partial-803,zero,1397206147171004,0,0,true,,false,NO_KNOWN_ISSUES
188,https://www.facebook.com/Veezhallc,https://www.facebook.com/veezhallc,33b3d35748159845262fc857c81659465cd1ae6e60330577e0a36c7e2d352101,1,61,62,Veezha,partial-803,zero,113617076661411,0,0,true,,false,NO_KNOWN_ISSUES
189,https://www.facebook.com/221btactical,https://www.facebook.com/221btactical,33c10a4cdf360e2ed5fce088d88b69fff1d7f7673ac2712dc5633320cd9e82ca,1,679,712,221B Tactical,partial-803,positive,287830331416707,46,30,false,,false,NO_KNOWN_ISSUES
190,https://www.facebook.com/profile.php?id=61579088395637,https://www.facebook.com/profile.php?id=61579088395637,3492103bcb62359fc9714e21ed716b39545094ce0954429e67479ea165bc1251,1,232,235,Dot Golf Co.,partial-803,positive,697701090101341,1,1,true,,false,NO_KNOWN_ISSUES
191,https://www.facebook.com/rockwelltime,https://www.facebook.com/rockwelltime,35581037f9568d5e7789eaae62c8d3eac110989fcebe431bf7b613d2a97aa6e9,1,768,802,Rockwell Time,partial-803,zero,265977303438013,0,0,true,,false,NO_KNOWN_ISSUES
192,https://www.facebook.com/Bonnbonnbaby,https://www.facebook.com/bonnbonnbaby,35af3c4292d3a7806763ccb80448386f65a1fe8414df754a940043fb441ccf1d,1,964,998,BonnBonn Baby Antimicrobial Moisture Wicking Performance Baby wear and Essentials,continuation-209,error,,,,,no_items,,
193,https://www.facebook.com/conchousa,https://www.facebook.com/conchousa,35cac389678806a98e1d325a8640f54c3479035c44fd0c84d107d812aaa3f071,1,941,975,Concho,partial-803,positive,105656972290050,146,30,false,,false,NO_KNOWN_ISSUES
194,https://www.facebook.com/pages/Foxgloves/275087281197,https://www.facebook.com/pages/foxgloves/275087281197,3603af810d062620e459f0401bc9d6676cf366993046df981d3c096cf5239e8d,1,810,844,higarden,continuation-209,zero,275087281197,0,0,true,,false,NO_KNOWN_ISSUES
195,https://www.facebook.com/2downbaseball,https://www.facebook.com/2downbaseball,36219117a041aaef147d8b39c79d6953218fd4f3d87a3d80eb5849023c47c004,1,678,711,2 Down Baseball,partial-803,zero,102203495594085,0,0,true,,false,NO_KNOWN_ISSUES
196,https://www.facebook.com/colettemalouf,https://www.facebook.com/colettemalouf,364ee797bbc5427448e3c758fb32c46f7c3b668de3b23ffc469792d025456575,1,585,618,"Colette Malouf, Inc.",partial-803,zero,97134808508,0,0,true,,false,NO_KNOWN_ISSUES
197,https://www.facebook.com/banditsbandanas,https://www.facebook.com/banditsbandanas,367574c08765926e9ccb4f9b1d556e2d146a2f9bd7aa310bfb6332c3093b65c5,1,634,667,BANDITS Bandanas,partial-803,positive,495861204145667,3,3,true,,false,NO_KNOWN_ISSUES
198,https://www.facebook.com/nvgtn,https://www.facebook.com/nvgtn,36ca0ac1779f7652174cec0636f7eeef85af39a56880248e8cec598b732804a9,1,837,871,NVGTN,partial-803,positive,555531764917651,4,4,true,,false,NO_KNOWN_ISSUES
199,https://www.facebook.com/authoredadaptiveapparel,https://www.facebook.com/authoredadaptiveapparel,372b6656f89b85c2bd1b71902a4aa9b52ae6c6f77fa19829ac7bc27ba2abbf2c,1,640,673,Authored.®,partial-803,zero,673025199478716,0,0,true,,false,NO_KNOWN_ISSUES
200,https://www.facebook.com/GolfAnythingCanada,https://www.facebook.com/golfanythingcanada,37ac2ea204fffc0ca09c0cf70cc3d9e4a4f9bdcb5ef5d6d54a8d41b95c8aad82,1,486,519,Golf Anything,partial-803,zero,464661617032453,0,0,true,,false,NO_KNOWN_ISSUES
201,https://www.facebook.com/pages/KOA-swim/514382091939014,https://www.facebook.com/pages/koa-swim/514382091939014,37b0727b9c1749847e057d958e37d927bf454ab57bcf6e8645156520b3daf49c,1,801,835,KYA swim,partial-803,zero,514382091939014,0,0,true,,false,NO_KNOWN_ISSUES
202,https://www.facebook.com/GrenekerMannequins,https://www.facebook.com/grenekermannequins,37c6663343671cc06a74e7d9909aa8fd93d378bf97d37d9fc284ced3669672e1,1,485,518,GRENEKER Mannequins,partial-803,zero,166146293468848,0,0,true,,false,NO_KNOWN_ISSUES
203,https://www.facebook.com/KeithAndJames,https://www.facebook.com/keithandjames,37eb52e6189dbd926b6f9c366ce468b2c77c0bc626a8e48b41ade6e3e7587357,1,426,458,Keith James,partial-803,zero,1451673551721731,0,0,true,,false,NO_KNOWN_ISSUES
204,https://www.facebook.com/meetjambys,https://www.facebook.com/meetjambys,37ffa2a48ad11ecc38ba42d27f7ccd6028a67e0d17c39db50772b4cee9d6abcf,1,379,411,Jambys,continuation-209,positive,2261268157521348,227,30,false,,false,NO_KNOWN_ISSUES
205,https://www.facebook.com/copperpearl,https://www.facebook.com/copperpearl,3804bcc9661ad5330c80c9ed10dd5067a98b9d4253d3be9ec9ea93ffc5987e81,1,578,611,Copper Pearl,partial-803,positive,885143958218231,423,30,false,,false,NO_KNOWN_ISSUES
206,https://www.facebook.com/hadleighsbespoke,https://www.facebook.com/hadleighsbespoke,38350e303108907937476bdec9ceaacf6d9ef0e51f245853a8b190d3d99ec7d3,1,478,510,Hadleighs,partial-803,zero,79034708038,0,0,true,,false,NO_KNOWN_ISSUES
207,https://www.facebook.com/sermonetaglovesoriginal,https://www.facebook.com/sermonetaglovesoriginal,394b6a422f3b25dd3a06fc3f8a051c2e3bf21de6d0c9599814e06c5a9d7d65e6,1,192,193,Sermoneta Gloves,partial-803,zero,112685563895400,0,0,true,,false,NO_KNOWN_ISSUES
208,https://www.facebook.com/maptote,https://www.facebook.com/maptote,3998aa451f9f1f46281e1e50792e5ffd97500e903978579927fd081a865f7e1e,1,862,896,Maptote,partial-803,positive,63662088437,5,5,true,,false,NO_KNOWN_ISSUES
209,https://www.facebook.com/Poemet.co,https://www.facebook.com/poemet.co,3a0f59ae7709cecefe7a7c508b94df7473571472d4295c7071ad8ff555dc0c6b,1,243,275,POEMET,partial-803,positive,105927614667550,9,9,true,,false,NO_KNOWN_ISSUES
210,https://www.facebook.com/futurebrandsgroupshop,https://www.facebook.com/futurebrandsgroupshop,3a772ecfdd89936344f9e2a9e0509ce1cd892c84c8b7a1a4962e5ef8a65db484,1,503,536,FUTURE BRANDS GROUP,partial-803,positive,101242116049642,7,7,true,,false,NO_KNOWN_ISSUES
211,https://www.facebook.com/mybeachyside,https://www.facebook.com/mybeachyside,3a94c186c8e0e830c126a81d9d27cbbc104137e3ef982ef7cb0ff70b41c355be,1,358,390,My Beachy Side,continuation-209,positive,1484754138486123,12,12,true,,false,NO_KNOWN_ISSUES
212,https://www.facebook.com/LaLOOP,https://www.facebook.com/laloop,3af906f303a4bbc5bd8a236dcd291f293a380ff3ee7953a4d9ef082a7acec28c,1,878,912,LA LOOP,partial-803,positive,47448027556,2,2,true,,false,NO_KNOWN_ISSUES
213,https://www.facebook.com/shoprivir,https://www.facebook.com/shoprivir,3b2af2cc31f0866bc50295510e2f015029344ce4f0fb1ea21753dbe9db2cce43,1,162,163,RIVIR,partial-803,zero,114987380220010,0,0,true,,false,NO_KNOWN_ISSUES
214,https://www.facebook.com/EzraArthurUSA,https://www.facebook.com/ezraarthurusa,3bcb8d14e37d9eb454ebf486081fb3f4069f5b90a76bbb7da5ae28332d1ac896,1,523,556,Ezra Arthur,partial-803,zero,455565137796511,0,0,true,,false,NO_KNOWN_ISSUES
215,https://www.facebook.com/shopshihiko,https://www.facebook.com/shopshihiko,3c0566eaa94fdfed149e362259c91c60cd60cb1e1bdddb77b0af33fd27c6eefb,1,161,162,Shihiko,partial-803,positive,105433620867440,699,30,false,,false,NO_KNOWN_ISSUES
216,https://www.facebook.com/alixnyc,https://www.facebook.com/alixnyc,3c1df0d652ddd8d66f9460b81d8e7eb4c7ac66a8200714a5fa2d3bf20aba5dbc,1,997,1031,ALIX NYC,partial-803,zero,570157503071069,0,0,true,,false,NO_KNOWN_ISSUES
217,https://www.facebook.com/prstgeco,https://www.facebook.com/prstgeco,3c9f810ad46161d168683ec221d615545d909349d73a62311349de089f2562a6,1,225,228,PRSTGE,partial-803,positive,464635570307964,3,3,true,,false,NO_KNOWN_ISSUES
218,https://www.facebook.com/gellsapparel,https://www.facebook.com/gellsapparel,3cd7632d8a6ae6d64e66d451f773510a09187dbd8afc810b2822bb098d00bcdf,1,495,528,Gells Apparel,partial-803,positive,812697545414635,2,2,true,,false,NO_KNOWN_ISSUES
219,https://www.facebook.com/peachstatepridepage,https://www.facebook.com/peachstatepridepage,3ce488a34624fff9e1060d93d936dac251cfb952db169cb96309f829f58832ac,1,277,309,Peach State Pride,partial-803,positive,461400600556981,10,10,true,,false,NO_KNOWN_ISSUES
220,https://www.facebook.com/SoldierSports7312,https://www.facebook.com/soldiersports7312,3d0ac27661eb1dfff9256130821a78278f3bd3d471685341a3020ff13074d261,1,740,774,Soldier Sports,continuation-209,zero,658560780890070,0,0,true,,false,NO_KNOWN_ISSUES
221,https://www.facebook.com/61583491313441,https://www.facebook.com/61583491313441,3d14c6b4d38c2c358cc882e29fb5f63ea5fd43ed13b0455c633887c2c04c0c1f,1,675,708,Inner Grandma™,partial-803,positive,857567190775472,34,30,false,,false,NO_KNOWN_ISSUES
222,https://www.facebook.com/TheKettlery,https://www.facebook.com/thekettlery,3d4d538e723a134b86d09cbaa0e835e37da8b6587119973a5a42b7748b018e51,1,100,101,The Kettlery,partial-803,zero,1563082673974083,0,0,true,,false,NO_KNOWN_ISSUES
223,https://www.facebook.com/viviennehubeauty,https://www.facebook.com/viviennehubeauty,3d661c8ac191084887339d14ed77bcbd89ed29e5bf49e606a1441b187f90309d,1,56,57,Vivienne Hu LLC,partial-803,zero,111332637242963,0,0,true,,false,NO_KNOWN_ISSUES
224,https://www.facebook.com/glamourental,https://www.facebook.com/glamourental,3d7f7d49431c09d3df5d7255df2a6cd8e0279cdd77586d226b24b4b5909e26b6,1,488,521,Glamourental USA - New Era of Indian Fashion!,partial-803,positive,1932949803405368,2,2,true,,false,NO_KNOWN_ISSUES
225,https://www.facebook.com/thesiskiss,https://www.facebook.com/thesiskiss,3da20a0cc5ceea5e2e768bf0b00db4c7027786039f3739be8e926304b5d1fd37,1,91,92,The Sis Kiss,partial-803,positive,1441309332809040,43,30,false,,false,NO_KNOWN_ISSUES
226,https://www.facebook.com/soellyny,https://www.facebook.com/soellyny,3da5de6a80f7ffd6a3aa7400cdc2c2f68eaa07a15abf17311ca03d1b967b7646,1,146,147,So Elly,partial-803,zero,100674062070326,0,0,true,,false,NO_KNOWN_ISSUES
227,https://www.facebook.com/bouswari,https://www.facebook.com/bouswari,3e0f563672769fef6f0951a9829a9203efdad48b4f47805ed05c4a415d94d0b2,1,1023,1057,Bouswari,continuation-209,zero,1250006875040083,0,0,true,,false,NO_KNOWN_ISSUES
228,https://www.facebook.com/ThundaThighsShop,https://www.facebook.com/thundathighsshop,3e2113a8fae919e49e796e4737a99273abb4467d503a8999ecc136946d74911a,1,87,88,Thunda Thighs,partial-803,positive,101310097981440,72,30,false,,false,NO_KNOWN_ISSUES
229,https://www.facebook.com/DLStraps,https://www.facebook.com/dlstraps,3e23f1067fdc193ef4e24989c5fc8868a38f1018b44feac22d0b748e7bcbf5c4,1,936,970,DaLuca Straps,partial-803,zero,153466388046458,0,0,true,,false,NO_KNOWN_ISSUES
230,https://www.facebook.com/identitystronghold,https://www.facebook.com/identitystronghold,3e5e820e55f0e915f752e42a95dc9f2fc8f8e63bc350337a1d8377079c30032f,1,900,934,Identity Stronghold,partial-803,zero,74192605766,0,0,true,,false,NO_KNOWN_ISSUES
231,https://www.facebook.com/viverano,https://www.facebook.com/viverano,3e71c9778c350d72f3fb3fc3244215568e88f1cc5240549b462b9899b6d997b7,1,57,58,Viverano Organics,partial-803,positive,470629269643731,14,14,true,,false,NO_KNOWN_ISSUES
232,https://www.facebook.com/nicepipesapparel,https://www.facebook.com/nicepipesapparel,3e8138de33feec97fbc698bae22b4d4e2e63d2ee5aa1a7aa8a35f87084955441,1,841,875,nicepipes apparel,partial-803,zero,1484045661876726,0,0,true,,false,NO_KNOWN_ISSUES
233,https://www.facebook.com/halfasleep.co,https://www.facebook.com/halfasleep.co,3ea067e1344032294ff75029bea37488c41affaba67e3cad6986d7a721aedfba,1,477,509,Half Asleep,partial-803,zero,1109165349266372,0,0,true,,false,NO_KNOWN_ISSUES
234,https://www.facebook.com/mudgear,https://www.facebook.com/mudgear,3ecebad6d1884e641c16618bdd3a60018ec3d7788e736d9852ae18f1d7ff6c04,1,846,880,MudGear,partial-803,positive,350235815062531,19,19,true,,false,NO_KNOWN_ISSUES
235,https://www.facebook.com/ColoradoCoolApparel,https://www.facebook.com/coloradocoolapparel,3f26790813f79754aebae3b2e5dda0c0217a9986dd622fa431a5645e851c5e7d,1,584,617,ColoradoCool Apparel,partial-803,zero,1690240284533227,0,0,true,,false,NO_KNOWN_ISSUES
236,https://www.facebook.com/StateCashmereUSA,https://www.facebook.com/statecashmereusa,3f6c91fdb32ff88a9d96c74e9944425e6e8a3133c734cc5faa14e9263e07f890,1,132,133,State Cashmere,partial-803,zero,302555166904303,0,0,true,,false,NO_KNOWN_ISSUES
237,https://www.facebook.com/bangclothes,https://www.facebook.com/bangclothes,3f919c1e13bb753ef1748c4eb3ab895131c8db00da6b3f3a20a1900297479ea4,1,977,1011,"Bang Clothes, Corp",continuation-209,error,,,,,no_items,,
238,https://www.facebook.com/feelgoodz.flipflops,https://www.facebook.com/feelgoodz.flipflops,3fb712963933b767be5fbee87bbce890af554f5cb19584ef59066c2192ab1ec7,1,919,953,Feelgoodz,continuation-209,error,,,,,no_items,,
239,https://www.facebook.com/WarrenClothing,https://www.facebook.com/warrenclothing,3ff54003fdfc7e01e2428707c9253ae4aaa463a4c1989269f90342d5eb2793ff,1,47,48,Warren,partial-803,positive,330250103495402,29,29,true,,false,NO_KNOWN_ISSUES
240,https://www.facebook.com/miomarinofans,https://www.facebook.com/miomarinofans,4060e38d875f14e414d0899f1d09da661ac6bad0c2aa5538d273645449ae0c3b,1,852,886,Mio Marino,partial-803,zero,1527923134191257,0,0,true,,false,NO_KNOWN_ISSUES
241,https://www.facebook.com/iheartvivianlou,https://www.facebook.com/iheartvivianlou,40847304886dfe5454bc57f9f031b42ee95da99d645c15466287e7f1bffbd51b,1,899,933,Vivian Lou Inc.,partial-803,positive,731730673552007,47,30,false,,false,NO_KNOWN_ISSUES
242,https://www.facebook.com/wearyalla,https://www.facebook.com/wearyalla,412f3c6482277e7f25c731fb38cf3c52f4c7888332fc8ad6e3fdbc3ca5b57fdf,1,31,32,YallaWear,partial-803,zero,579241625279311,0,0,true,,false,NO_KNOWN_ISSUES
243,https://www.facebook.com/sideactionapparel,https://www.facebook.com/sideactionapparel,4151f52b4c866230ecdabdbfdd5a91a53722dbbac0b7410e63e47d8e7e7a5632,1,154,155,Side Action Apparel,partial-803,positive,399515513521125,3,3,true,,false,NO_KNOWN_ISSUES
244,https://www.facebook.com/profile.php?id=61584387700591,https://www.facebook.com/profile.php?id=61584387700591,41bf82949a4dea4bea26a17b1626533e3b297bc62edc2ceeb5fe65de31426776,1,229,232,La Maregold,partial-803,positive,904772452715620,1,1,true,,false,NO_KNOWN_ISSUES
245,https://www.facebook.com/@gooseitcompany,https://www.facebook.com/@gooseitcompany,41d70cc094eae985b83e5844b7ef957219fd77b9a0016e45462494fe55a37f54,2,684|685,717|718,Goose It Company™|Goose It Company™,partial-803,zero,100296656296851,0,0,true,,false,NO_KNOWN_ISSUES
246,https://www.facebook.com/pages/MPatmos/104452379612501,https://www.facebook.com/pages/mpatmos/104452379612501,41e94c2c6183d569b570ed134521453e8e2729d56e2e70393a9613e468d08a6f,1,797,831,M.PATMOS,continuation-209,zero,104452379612501,0,0,true,,false,NO_KNOWN_ISSUES
247,https://www.facebook.com/eringraydesign,https://www.facebook.com/eringraydesign,425b9465a655c6d61412f05b832ecb0f1248916a96eb9941311950161dad10bf,1,526,559,erin gray design,partial-803,zero,601862979977873,0,0,true,,false,NO_KNOWN_ISSUES
248,https://www.facebook.com/shopmajaarnold,https://www.facebook.com/shopmajaarnold,42ba095a09a04df653d54f9ae318fc4fe319b210125e02938e0f1faedda59252,1,166,167,Maja Arnold Design,continuation-209,zero,1507307146150093,0,0,true,,false,NO_KNOWN_ISSUES
249,https://www.facebook.com/shoozas,https://www.facebook.com/shoozas,42dc3832ca42a8bbeb3cae18919a584e97d782b0d645c0953bc7cea5b23060b8,1,187,188,Shoozas,partial-803,positive,100100141862772,20,20,true,,false,NO_KNOWN_ISSUES
250,https://www.facebook.com/loverstempo,https://www.facebook.com/loverstempo,42fd8bc3f2077e3d9152818d30a77f90495e848a7397597b3f799b0597bf4dde,1,869,903,Lover's Tempo,partial-803,positive,352160921509215,21,21,true,,false,NO_KNOWN_ISSUES
251,https://www.facebook.com/beagoodpersonbrand,https://www.facebook.com/beagoodpersonbrand,433d80bfbb1d0411eba9b6017f041f0f4a66f61ffa2b4268785a1cdbb6274c8e,1,630,663,BE A GOOD PERSON,partial-803,positive,1700731386813615,46,30,false,,false,NO_KNOWN_ISSUES
252,https://www.facebook.com/people/Kiko-Golf/61573843810474,https://www.facebook.com/people/kiko-golf/61573843810474,434012544d546e32a262fadbc73fd85e4721e37797cfb4939f95e33e59193e5b,1,264,296,Kiko Golf,continuation-209,zero,606868785840454,0,0,true,,false,NO_KNOWN_ISSUES
253,https://www.facebook.com/dalyanyc,https://www.facebook.com/dalyanyc,43459589ac80feedfc1633a9801121fde4a0147ba80d939d4a4f7d7393f88778,1,569,602,DALYA NYC,partial-803,zero,100582478741789,0,0,true,,false,NO_KNOWN_ISSUES
254,https://www.facebook.com/FlipSandal,https://www.facebook.com/flipsandal,43859c2ce90f0e351a411f4266b2dad261d86b76f4820d2291542678a06544d9,1,511,544,FlipSandal,partial-803,zero,107520442282296,0,0,true,,false,NO_KNOWN_ISSUES
255,https://www.facebook.com/singer22,https://www.facebook.com/singer22,43a3d469b9448938659ace42d178547ff412880bc88028f05ef82babfc5c271a,1,153,154,SINGER22.com,partial-803,zero,14352455542,0,0,true,,false,NO_KNOWN_ISSUES
256,https://www.facebook.com/p/Closet-Club-61560079730358,https://www.facebook.com/p/closet-club-61560079730358,4404d13db8d090041a16f3b64c6626c779c890a16d855197ede5fbda01b58d9e,1,317,349,The Closet Club,partial-803,zero,302772472922910,0,0,true,,false,NO_KNOWN_ISSUES
257,https://www.facebook.com/ukiyohi,https://www.facebook.com/ukiyohi,4418732f16d695a1b8e65eff1d545ef4cf789beeb505042fdb850d23a706ee7f,1,69,70,ukiyohi,partial-803,positive,122103017570009438,3,2,true,,false,NO_KNOWN_ISSUES
258,https://www.facebook.com/arystiintimatefashion,https://www.facebook.com/arystiintimatefashion,442d059f4c774d8577effa930be4e085ff1a4e761b1228770250fbdb9a34f4f8,1,648,681,Arysti Intimate Fashion,partial-803,zero,111142098752585,0,0,true,,false,NO_KNOWN_ISSUES
259,https://www.facebook.com/twobill.co,https://www.facebook.com/twobill.co,443c4362c9ebe8841e326afeebb097c7c0222dd84d0409e156d50df90c939918,1,72,73,TwoBill,partial-803,zero,192561107284164,0,0,true,,false,NO_KNOWN_ISSUES
260,https://www.facebook.com/SpinUltimate,https://www.facebook.com/spinultimate,4457e0005bbf84d0028934442720580cccbbf2727232486355754512db4062a7,1,137,138,Spin Ultimate,partial-803,zero,38398088935,0,0,true,,false,NO_KNOWN_ISSUES
261,https://www.facebook.com/GemorieJewelry,https://www.facebook.com/gemoriejewelry,44bb5f07a9c24ab5da2d9ef429f8505f5e4b16b3b38ecbc3d554f6ef6f100fcd,1,494,527,GEMORIE™,continuation-209,zero,280008648699408,0,0,true,,false,NO_KNOWN_ISSUES
262,https://www.facebook.com/elizabethcolejewelry,https://www.facebook.com/elizabethcolejewelry,44debaef68dfcc194f55f269b306041f7b9d515967b57c3e77ca71d38ff42390,1,535,568,Elizabeth Cole Jewelry,partial-803,positive,149474081740528,9,9,true,,false,NO_KNOWN_ISSUES
263,https://www.facebook.com/northernclassicscollection,https://www.facebook.com/northernclassicscollection,44e2ae2f69733e831101076c3d2c52ac928bcec6ea880d53afa1e2b6702e05e1,1,342,374,Northern Classics,continuation-209,zero,100534528925951,0,0,true,,false,NO_KNOWN_ISSUES
264,https://www.facebook.com/fanjoyco,https://www.facebook.com/fanjoyco,4530e0e5d78a3222cba8e54098ab7bfd763ae7d07618bf0168d463cfe8bf8a32,1,519,552,Fanjoy,continuation-209,zero,317590381732958,0,0,true,,false,NO_KNOWN_ISSUES
265,https://www.facebook.com/aliandariel,https://www.facebook.com/aliandariel,4551d14fbda6441eb5680d7442f99d38b50980e79814c557bbe06335140fe519,1,661,694,Ali & Ariel,partial-803,zero,607378439421212,0,0,true,,false,NO_KNOWN_ISSUES
266,https://www.facebook.com/whimlove,https://www.facebook.com/whimlove,4553a82200a22bd94ff1076f2afb6346f6b609a880cc91c8b54679cc3cc8659c,1,24,25,"Whim, New York",partial-803,positive,233340867170074,12,12,true,,false,NO_KNOWN_ISSUES
267,https://www.facebook.com/giapenta,https://www.facebook.com/giapenta,461dce41c04b70ef1e91370c5130b94de45da65776fb33dc23cc65ed4cf35f7e,1,913,947,GIAPENTA,partial-803,zero,471823596306569,0,0,true,,false,NO_KNOWN_ISSUES
268,https://www.facebook.com/nuumuudresses,https://www.facebook.com/nuumuudresses,46578cde74f05f96c2915a0f3ea9bc547574da0dc4d79bfc593e1f55e0acc704,1,336,368,Nuu-Muu,partial-803,positive,352536361524484,7,7,true,,false,NO_KNOWN_ISSUES
269,https://www.facebook.com/psherrodbags,https://www.facebook.com/psherrodbags,467c847b4bf2f0636d49c80cb2094eb2eec4c7c0c1e3b384ed9d854d5aeeeaff,1,224,227,P. Sherrod & Co.,partial-803,zero,329033525104,0,0,true,,false,NO_KNOWN_ISSUES
270,https://www.facebook.com/vktori.co,https://www.facebook.com/vktori.co,46987d232796b632898b001ea576bfeaae67d38bce2ee5d003a7f79bc0b4c417,1,55,56,VKTORI,partial-803,zero,1218386261582874,0,0,true,,false,NO_KNOWN_ISSUES
271,https://www.facebook.com/skyfootwearsocks,https://www.facebook.com/skyfootwearsocks,46a0da5bfd82a1204381a18d20ccde5a015ab5bf233fb89066129e17c046b7ec,1,743,777,Sky Manufacturing,continuation-209,error,,,,,no_items,,
272,https://www.facebook.com/twinroads,https://www.facebook.com/twinroads,46e4d47c19f8b2a82a2121084626fe2b3de1adc82c4fc0ced5a15db687572c63,1,73,74,Twin Roads,partial-803,zero,392356484301601,0,0,true,,false,NO_KNOWN_ISSUES
273,https://www.facebook.com/NoelAsmarGroup,https://www.facebook.com/noelasmargroup,473fcbf2205bf9563a6ccdb1aa11911d782f857f83fc8ac71c7279cb3a608898,1,346,378,Noel Asmar Group of Companies,continuation-209,error,,,,,no_items,,
274,https://www.facebook.com/originalgrain,https://www.facebook.com/originalgrain,47728070f505b895cd82fb88f971887343023a712977c867ae0600c1e1fcaec1,1,832,866,Original Grain,partial-803,positive,425381904191689,658,30,false,,false,NO_KNOWN_ISSUES
275,https://www.facebook.com/bellabellaboutique,https://www.facebook.com/bellabellaboutique,47a65f16ec99601be1123b749fbdad2c9174b950e3c7e995a0d8fa9b58002ba2,1,975,1009,Bella Bella Boutique,continuation-209,error,,,,,no_items,,
276,https://www.facebook.com/YesAthleticsUSA,https://www.facebook.com/yesathleticsusa,4827bc7104668e1fac2cab54634ce1f0aa8a8efb8bad23f3b859e9c165fb09fb,1,688,722,Yes! Athletics,partial-803,zero,106656607585601,0,0,true,,false,NO_KNOWN_ISSUES
277,https://www.facebook.com/iolanihawaii,https://www.facebook.com/iolanihawaii,48318ce5eb78741bba84def0f7f9344eb8f4d45edcdb86b2ac354234281f2e7f,1,897,931,IOLANI,continuation-209,error,,,,,no_items,,
278,https://www.facebook.com/arcticcoolgear,https://www.facebook.com/arcticcoolgear,484be49f92699fddc1e071e8bd7890f6fb67a83e4a0364940b638bcdeec1dba5,1,988,1022,Arctic Cool,continuation-209,positive,604844346312290,545,30,false,,false,NO_KNOWN_ISSUES
279,https://www.facebook.com/CatesConcepts,https://www.facebook.com/catesconcepts,48fef0a78479f25a4746913ece77a91747c0e569a8e98083d7f90c784d1eb726,1,594,627,Cate's Concepts LLC,partial-803,zero,496433647421468,0,0,true,,false,NO_KNOWN_ISSUES
280,https://www.facebook.com/MarLouShoes,https://www.facebook.com/marloushoes,4932d58ef481aaa89de8672936a78d46a22526e1e8f7a62cce63d9874d327940,1,859,893,Mar-Lou Shoes,partial-803,positive,174420854558,2,2,true,,false,NO_KNOWN_ISSUES
281,https://www.facebook.com/calclothfoundry,https://www.facebook.com/calclothfoundry,494ef1f7f586db081e03ca39e796379fd766751c6edc827456f5c761749ddd5b,1,957,991,California Cloth Foundry® Inc.,partial-803,zero,544548532328700,0,0,true,,false,NO_KNOWN_ISSUES
282,https://www.facebook.com/people/Scarlett-Gasque-Ltd/61582121787822,https://www.facebook.com/people/scarlett-gasque-ltd/61582121787822,49562ab3b02a79c63c578aea6249148d748bac65f51d901848404783bdc2a114,1,257,289,Scarlett Gasque,partial-803,positive,844331202095172,8,8,true,,false,NO_KNOWN_ISSUES
283,https://www.facebook.com/ITSOKAY.GG,https://www.facebook.com/itsokay.gg,496fcd97511f44d86c681aa428f9e1c7a8e2853e0b9cd28e2463683ad0dc2196,1,443,475,ITSOKAY.GG,continuation-209,positive,1913132812349036,11,11,true,,false,NO_KNOWN_ISSUES
284,https://www.facebook.com/YILDIZAYLINofficial,https://www.facebook.com/yildizaylinofficial,4a1d27d9df376cfec974220e51fa2bd8d3eadb66e55eebb3dc1ea9b5ed095912,1,10,11,Styling Room,partial-803,zero,1525975270862074,0,0,true,,false,NO_KNOWN_ISSUES
285,https://www.facebook.com/lanoaiofficial,https://www.facebook.com/lanoaiofficial,4a40643ec777441d48d13912a4707ca94877d5366660b9688c1343dabdbfa11a,1,410,442,Lanoai,partial-803,zero,105026715941305,0,0,true,,false,NO_KNOWN_ISSUES
286,https://www.facebook.com/nbalab,https://www.facebook.com/nbalab,4a6648a6c05d8423dd82889a905ddf7a26a8b5bc023f3a1822889b43a83f725d,1,843,877,NBALAB,partial-803,positive,670644446431403,1,1,true,,false,NO_KNOWN_ISSUES
287,https://www.facebook.com/ThePhoebeJon,https://www.facebook.com/thephoebejon,4aa81134f3d17ffa5b39c24ccb750645b0f6c084859e6d1ec51a0e1545440ab2,1,95,96,Phoebe Jon,partial-803,zero,111035947222074,0,0,true,,false,NO_KNOWN_ISSUES
288,https://www.facebook.com/unveiledbridalsanfrancisco,https://www.facebook.com/unveiledbridalsanfrancisco,4b05ba2ddb0f8fe6c66ca5c55cb20ac0af483071a14a706e8f66ffc4b6b3fec4,1,67,68,Unveiled Bridal SF,partial-803,zero,118941359818858,0,0,true,,false,NO_KNOWN_ISSUES
289,https://www.facebook.com/adessoman,https://www.facebook.com/adessoman,4b28252f06c7ff71022996938dd57e5e55dcfc610459ba6ca9dd409e21c66621,1,670,703,Adesso Man,partial-803,zero,177896495892486,0,0,true,,false,NO_KNOWN_ISSUES
290,https://www.facebook.com/pages/Tiny-Turnip/126115125533,https://www.facebook.com/pages/tiny-turnip/126115125533,4b45aeee142e4b86d12f4cfe7ac6785087c32dd0accbe37f024b726db73cd09e,1,784,818,Tiny Turnip LLC,continuation-209,error,,,,,no_items,,
291,https://www.facebook.com/Halzband,https://www.facebook.com/halzband,4b74a2b4f98d5b82e08c49cd5ba53f770c1a5540d972355d72a6f1e3c74e6b2f,1,476,508,Halzband,partial-803,zero,255040018372404,0,0,true,,false,NO_KNOWN_ISSUES
292,https://www.facebook.com/yattagolf,https://www.facebook.com/yattagolf,4bb1b93c3d75160b09ce3dcbdbe169b8fa21b6b02203b3fb28e38af12752d98c,1,690,724,Yatta Golf,continuation-209,positive,2177556572498988,112,30,false,,false,NO_KNOWN_ISSUES
293,https://www.facebook.com/Nadsunder,https://www.facebook.com/nadsunder,4bb7ed13f9e411fecc4e49cc9a2a603409ebf16b8faa90fe2c5c4cf3aed34357,1,355,387,NADS Organic Underwear,continuation-209,positive,106758785527906,353,30,false,,false,NO_KNOWN_ISSUES
294,https://www.facebook.com/GiantVintage,https://www.facebook.com/giantvintage,4bc6d6a45108789951cb2bdf068b08a9cd83396998a852e2cfe42256fec2fa24,1,489,522,Giant Vintage Eyewear,partial-803,positive,143561872339754,7,7,true,,false,NO_KNOWN_ISSUES
295,https://www.facebook.com/Gabby-Bows-The-Double-Face-Double-Snap-Barrette-655218327875819,https://www.facebook.com/gabby-bows-the-double-face-double-snap-barrette-655218327875819,4be08a35e5138bc9347a6f72b77f6f6b4b1599e4a577c70a17a067c39d93f04d,1,502,535,GaBBY Bows - Confidence by GaBBY Goodwin,partial-803,positive,655218327875819,3,3,true,,false,NO_KNOWN_ISSUES
296,https://www.facebook.com/sailtosable,https://www.facebook.com/sailtosable,4bfd2ddc1b9a288c3b140d5c5550018c19e6608b6ba76df2f2b81d744abb7e07,1,765,799,Sail to Sable,partial-803,positive,205362762919584,129,30,false,,false,NO_KNOWN_ISSUES
297,https://www.facebook.com/wearsunkissed,https://www.facebook.com/wearsunkissed,4c4859ce4c5ea396de8c0de574649025ace7439474099800b26af0d86fa8c857,1,34,35,Sunkissed,partial-803,positive,2261938160559621,18,18,true,,false,NO_KNOWN_ISSUES
298,https://www.facebook.com/wearetowel,https://www.facebook.com/wearetowel,4c8ef697040be53c796b7b5626e19f16a371ba2c438574667130cb3af2017a55,1,42,43,TOWEL,partial-803,zero,104129585963511,0,0,true,,false,NO_KNOWN_ISSUES
299,https://www.facebook.com/diyanufashion,https://www.facebook.com/diyanufashion,4ca85ba67a8129b87e645e63eebff3cdf50d620cb4ce56e0121801738b5377a0,1,554,587,D'IYANU,continuation-209,positive,420434558085636,99,30,false,,false,NO_KNOWN_ISSUES
300,https://www.facebook.com/Troubadour-144876045394,https://www.facebook.com/troubadour-144876045394,4cb53ccf8f2a603a39bb403395a4c994418f89adfec2255726725727b4d7149c,1,76,77,Troubadour,partial-803,zero,144876045394,0,0,true,,false,NO_KNOWN_ISSUES
301,https://www.facebook.com/Golftini,https://www.facebook.com/golftini,4cdcea3cf4b4a83e685ed288077ef8c168e04915198d0760f9d1be77fd435c91,1,911,945,Golftini,partial-803,positive,302402588711,99,30,false,,false,NO_KNOWN_ISSUES
302,https://www.facebook.com/pages/SHRIMP-SAUCE/324065643078,https://www.facebook.com/pages/shrimp-sauce/324065643078,4ceadfdc3282faf85352afc0e572d8e691c3b683efb11e087176539fc27ca00e,1,788,822,Shrimp Sauce,partial-803,zero,324065643078,0,0,true,,false,NO_KNOWN_ISSUES
303,https://www.facebook.com/palomospain,https://www.facebook.com/palomospain,4ceb08cbb5c7ed09b68d57b61d6c26e3bc9e83f4d32c968e7efcbc28c1452fe4,1,781,815,Palomo Spain,partial-803,zero,499088220258845,0,0,true,,false,NO_KNOWN_ISSUES
304,https://www.facebook.com/chameloeyewear,https://www.facebook.com/chameloeyewear,4d0fd18010d2df69814433d1434a9113fed336c29086da04c4a5a31d4567f545,1,593,626,Chamelo,partial-803,positive,297743263415690,71,30,false,,false,NO_KNOWN_ISSUES
305,https://www.facebook.com/Bravo-Shoes-1531874450439592,https://www.facebook.com/bravo-shoes-1531874450439592,4d7089f40b440e61ae78ccd60234ea250730e17fcc85e7a1cc5b849146eb7c6e,1,608,641,Bravo Shoes,partial-803,zero,1531874450439592,0,0,true,,false,NO_KNOWN_ISSUES
306,https://www.facebook.com/weargales,https://www.facebook.com/weargales,4dbacf58572f595704db666c6c25dab66534b16f9ea4843522673bf59b2ed44c,1,697,731,STAND+,partial-803,positive,100411175010679,313,30,false,,false,NO_KNOWN_ISSUES
307,https://www.facebook.com/pappyco,https://www.facebook.com/pappyco,4ddc83261d42db1b531e2e55a2a1519378e26f460e29d96b450f344a2bcb78a1,1,282,314,Pappy & Company,continuation-209,error,,,,,no_items,,
308,https://www.facebook.com/wringerwear,https://www.facebook.com/wringerwear,4de5fb9a88062a16e9570d0eb27e10cb6887055b4f83330824087095a3e7ae66,1,14,15,Wringer Wear,partial-803,zero,124311040756598,0,0,true,,false,NO_KNOWN_ISSUES
309,https://www.facebook.com/mayasplace,https://www.facebook.com/mayasplace,4e1e8b6230e6783a7356f53cfb561ec886017a8ef8b4829222a7dae1208cc9b7,1,857,891,Maya’s Place,partial-803,positive,198303103598146,13,13,true,,false,NO_KNOWN_ISSUES
310,https://www.facebook.com/elegatto.shop,https://www.facebook.com/elegatto.shop,4e6034c00c9d7df6011160067c1d1b2a8065372dc47ea8de7d3cda04c2cf2c07,1,536,569,Elegatto,partial-803,positive,667199517129704,57,30,false,,false,NO_KNOWN_ISSUES
311,https://www.facebook.com/luxebythesea,https://www.facebook.com/luxebythesea,4e7a77179e39c21bb37ab6a0856883cc6065ee5222a200f4062e1dd8ee2379b1,1,390,422,Luxe By The Sea,partial-803,zero,106375605368497,0,0,true,,false,NO_KNOWN_ISSUES
312,https://www.facebook.com/pages/Somerville-MA/Diaper-Lab/52569396050,https://www.facebook.com/pages/somerville-ma/diaper-lab/52569396050,4e9db5dbb1bacffcaa6f5841f972d70feeb23929f30e45e2d164bc3b76707571,1,787,821,Diaper Lab,continuation-209,error,,,,,no_items,,
313,https://www.facebook.com/prouddiamondofficial,https://www.facebook.com/prouddiamondofficial,4ed9d69084c428a59426e6db87a51a2194e19ea860d5dbc8b19d4364e685269e,1,226,229,Proud Diamond,partial-803,positive,100570315732096,8,8,true,,false,NO_KNOWN_ISSUES
314,https://www.facebook.com/marissawebbnyc,https://www.facebook.com/marissawebbnyc,4f6c56b790d3d8710608ba29330e8ef669dab4b6b5f64a30af45728736c99f8a,1,383,415,Marissa Webb,partial-803,zero,297301646999602,0,0,true,,false,NO_KNOWN_ISSUES
315,https://www.facebook.com/catchindeers,https://www.facebook.com/catchindeers,503fdf7adce1eab17d99cab1b9d1071a966ebed4d1a9d52f5f7b4cb746cc2a61,1,951,985,CATCHIN' DEERS,partial-803,zero,100114050468172,0,0,true,,false,NO_KNOWN_ISSUES
316,https://www.facebook.com/ShopEddyAesthetic,https://www.facebook.com/shopeddyaesthetic,50c366e29b67a6f8d72237ceee45b3732c6df7a47e2cf6dd59e108dc0351e169,1,174,175,EDDY,partial-803,positive,104925892189936,24,24,true,,false,NO_KNOWN_ISSUES
317,https://www.facebook.com/lecurieparis,https://www.facebook.com/lecurieparis,50e641d435e021689321231a27269e66c534cb2a142c031102fb1944e0ca610b,1,408,440,L'Écurie Paris,partial-803,zero,199915450800202,0,0,true,,false,NO_KNOWN_ISSUES
318,https://www.facebook.com/pages/Goode-Rider/155143591164230,https://www.facebook.com/pages/goode-rider/155143591164230,50fa42fd7e49fd34fda6d809402793a4375de0409848eaca084b1ad0e30ba204,1,806,840,Goode Rider,partial-803,positive,155143591164230,29,29,true,,false,NO_KNOWN_ISSUES
319,https://www.facebook.com/weefarers,https://www.facebook.com/weefarers,512d380b72907d3bf28128c197f02f581c035b2458ff7b08c980f3fe0be22095,1,696,730,WeeFarers® by WeeStyle Co.,partial-803,zero,520550921690150,0,0,true,,false,NO_KNOWN_ISSUES
320,https://www.facebook.com/minandmonbags,https://www.facebook.com/minandmonbags,519361a08f2a76981ac56b891a077ea327728535d5fd7b98903ddaec549e79b9,1,371,403,Min & Mon,continuation-209,positive,299771803548862,10,10,true,,false,NO_KNOWN_ISSUES
321,https://www.facebook.com/planetcowboyllc,https://www.facebook.com/planetcowboyllc,519472a2e19cec885e902e3acb865a8f865b1c57e3eb2138359619ea75dc1be3,1,775,809,Planet Cowboy,partial-803,zero,334488543553736,0,0,true,,false,NO_KNOWN_ISSUES
322,https://www.facebook.com/blendzapparel,https://www.facebook.com/blendzapparel,51e01770ee7cdedf966b242d64139cdd394800e3416234ab97c45a752deb8b62,1,1024,1058,Blendz Apparel,continuation-209,zero,1149995318433889,0,0,true,,false,NO_KNOWN_ISSUES
323,https://www.facebook.com/p/Closr-61551824420053,https://www.facebook.com/p/closr-61551824420053,52192536fb4716f49e906fbcc7b6a8324d97453b0f4a02635f572b400b06e56b,1,316,348,Closr.,partial-803,zero,582385722123317,0,0,true,,false,NO_KNOWN_ISSUES
324,https://www.facebook.com/SHAUNScalifornia,https://www.facebook.com/shaunscalifornia,521ffcf54143e089c31e0bb28a0f6d59393802ae3e5129118771664a48bdcd67,1,757,791,SHAUNS,partial-803,zero,114825828553573,0,0,true,,false,NO_KNOWN_ISSUES
325,https://www.facebook.com/shopmunki,https://www.facebook.com/shopmunki,52d73784f1310ff75dc34ac258bfc61633ac31152ceeb7b8ffcc2afb5b68a216,1,753,787,Shop Munki,partial-803,zero,1610894002572404,0,0,true,,false,NO_KNOWN_ISSUES
326,https://www.facebook.com/suitsoutlets,https://www.facebook.com/suitsoutlets,531267314fe1876dc05b5070999abba7afe0ffe5dd09296c7f912f4fb802e975,1,121,122,Suits Outlets,partial-803,positive,487068014986437,54,22,false,,false,NO_KNOWN_ISSUES
327,https://www.facebook.com/pages/Faceplant-Dreams/106927972679992,https://www.facebook.com/pages/faceplant-dreams/106927972679992,5331d05def19ec8335f0a718214bfc934e413318b5d404bc3bd5ce907aad1ebf,1,812,846,Faceplant Dreams,partial-803,positive,106927972679992,5,5,true,,false,NO_KNOWN_ISSUES
328,https://www.facebook.com/radmor.golfgreen,https://www.facebook.com/radmor.golfgreen,53592581fe76f42a14fc766dd1f80a31528f94368a48ae529bee8421b8544caa,1,771,805,RADMOR Golf,partial-803,positive,109585663920316,79,30,false,,false,NO_KNOWN_ISSUES
329,https://www.facebook.com/R.J.ClassicsInc,https://www.facebook.com/r.j.classicsinc,5365a248b0a213183fbaf8c560d47316b6a230d1d506ffe7d5b6a936f905df0d,1,220,223,R.J. Classics,partial-803,positive,115344815152499,13,13,true,,false,NO_KNOWN_ISSUES
330,https://www.facebook.com/22fresh,https://www.facebook.com/22fresh,53bac4834a30c7093daa91d4bffec1f80943afef0ec88f24556301d57f255f62,1,1004,1038,22Fresh,partial-803,positive,30768768136,8,8,true,,false,NO_KNOWN_ISSUES
331,https://www.facebook.com/sweatandmilk,https://www.facebook.com/sweatandmilk,53d552b79fed4e52cd49e93fbe796d322f803b72f76dd75d7597eaeb450ac824,1,730,764,Sweat & Milk LLC,partial-803,positive,360590054032349,35,30,false,,false,NO_KNOWN_ISSUES
332,https://www.facebook.com/sleekattire,https://www.facebook.com/sleekattire,53dde3464b28cb31c4095ced0c93da123a4a049423e369d2dc98f7c37e9dd9a3,1,149,150,Sleek Attire,partial-803,zero,977284835707486,0,0,true,,false,NO_KNOWN_ISSUES
333,https://www.facebook.com/pinkpewter,https://www.facebook.com/pinkpewter,5403fcb30396cc08b100ca6ab999ab7c348c73ad644c5f50be94c7200fbb4d6c,1,776,810,Pink Pewter,partial-803,zero,218804514796298,0,0,true,,false,NO_KNOWN_ISSUES
334,https://www.facebook.com/franceskahn,https://www.facebook.com/franceskahn,54109f90680e0033f419dde55318842d2102999e024843b36cfce52c90a1f73f,1,916,950,Frances Kahn Inc,partial-803,positive,320375348460,5,5,true,,false,NO_KNOWN_ISSUES
335,https://www.facebook.com/Activintimates,https://www.facebook.com/activintimates,543589c8f4991dfb8eba2079d79b84fe9614fea0661b83a10cb7542f7b43341e,1,672,705,Activ Intimates,partial-803,zero,251467085279975,0,0,true,,false,NO_KNOWN_ISSUES
336,https://www.facebook.com/BikoJewellery,https://www.facebook.com/bikojewellery,54e8b6f4a378d8b6d20522f14bf3e038fe17bee405da2c0984e213b4ff1cda84,1,971,1005,BIKO Inc.,partial-803,positive,293907288195,106,28,false,,false,NO_KNOWN_ISSUES
337,https://www.facebook.com/people/Anycdote/61566147239567,https://www.facebook.com/people/anycdote/61566147239567,55e2c1d2886e72e07c066dcb158daac4e736d67a881d13789e1a761ca42a5f86,1,274,306,"""anycdote",partial-803,zero,408966588972790,0,0,true,,false,NO_KNOWN_ISSUES
338,https://www.facebook.com/woodngrail,https://www.facebook.com/woodngrail,5603358d21a350dc8eb042110e348807a9d04fc78bd29b4faee19f8defecc1bc,1,17,18,Woodn Grail,partial-803,positive,194207507117252,543,30,false,,false,NO_KNOWN_ISSUES
339,https://www.facebook.com/wethepeopleholsters,https://www.facebook.com/wethepeopleholsters,561c966aa848606349f86fb2f25cbf8c0fc754a5a35cb7ba76702148af50d499,1,694,728,WeThePeopleHolsters,continuation-209,error,,,,,no_items,,
340,https://www.facebook.com/h3lmsupplies,https://www.facebook.com/h3lmsupplies,565f3a24c215f4a96eb2719f3fae00c0fdf07b89161254c9a3cf59015ce2e0e3,1,479,511,HELM Supplies,partial-803,zero,111839925136808,0,0,true,,false,NO_KNOWN_ISSUES
341,https://www.facebook.com/LocalVyntage,https://www.facebook.com/localvyntage,5674b3b8917583c1af43fa9ca4f60b8365daa0314e2e64a8076110817ad9a73e,1,397,429,Local Vyntage,partial-803,positive,978283482291360,11,11,true,,false,NO_KNOWN_ISSUES
342,https://www.facebook.com/revtown,https://www.facebook.com/revtown,567ed4d1c5a69c6e534bcf576b2f41bd3ce1df90b77f4e69897a916a095b9c02,1,212,215,Revtown,partial-803,positive,659382884451639,44,30,false,,false,NO_KNOWN_ISSUES
343,https://www.facebook.com/mmelovary,https://www.facebook.com/mmelovary,56e90ad61a08c4ed5f07a4e2d5fbfb3e1e3afff465bc49a31ea19a7454a57c4d,1,851,885,Mme L'Ovary,partial-803,positive,1206023842761452,41,30,false,,false,NO_KNOWN_ISSUES
344,https://www.facebook.com/Ombraz-Sunglasses,https://www.facebook.com/ombraz-sunglasses,572156d557477520b993617e700156d97ff8cdfba558752c621c5ec0715aa344,1,329,361,Ombraz,partial-803,positive,150575805500538,294,30,false,,false,NO_KNOWN_ISSUES
345,https://www.facebook.com/sackville.and.co,https://www.facebook.com/sackville.and.co,5780f53922eeb6491e58bc0639e7917450a0721595e8f9ec967ba9f1faf1a9e8,1,202,205,Sackville & co,partial-803,zero,389694071461783,0,0,true,,false,NO_KNOWN_ISSUES
346,https://www.facebook.com/wearfelicity,https://www.facebook.com/wearfelicity,58a26ada75170125cbb608b2822800c2ebbc00a45938272be233b280cdb9c5c2,1,41,42,Wear Felicity,partial-803,positive,1586502444950167,214,30,false,,false,NO_KNOWN_ISSUES
347,https://www.facebook.com/inkedbydani,https://www.facebook.com/inkedbydani,58df40fd75d97a00a80cf60df3498f090d56834c68b742f965dafedc41bac0f0,1,452,484,INKED by Dani,partial-803,positive,1583264288619015,1,1,true,,false,NO_KNOWN_ISSUES
348,https://www.facebook.com/theflomo,https://www.facebook.com/theflomo,58f90c157a456fee8e81e9f6c3e1cab110d5756bdc7b77c9cd769d199b02d7db,1,724,758,FLOMOTION,continuation-209,error,,,,,no_items,,
349,https://www.facebook.com/soulflower,https://www.facebook.com/soulflower,5933f4715b45e4ded72dede5bd341fdd47edc2fba7177850e31dcd452a3db00d,1,141,142,Soul Flower Clothing and Gifts,partial-803,zero,11970753433,0,0,true,,false,NO_KNOWN_ISSUES
350,https://www.facebook.com/earthbabyoutfitters,https://www.facebook.com/earthbabyoutfitters,59e80ffc30cc476797ea88271ef8f27dd67b5d9c0850d6ec1351df9059ac39da,1,541,574,Earth Baby Outfitters,partial-803,zero,295815663924355,0,0,true,,false,NO_KNOWN_ISSUES
351,https://www.facebook.com/JamsWorld1964,https://www.facebook.com/jamsworld1964,5a013b37247e2c74cc43011a21e37114154bf1f3bbbd7b6bc74d24b05a92569c,1,893,927,Surf Line Hawaii / Jams,partial-803,positive,346391927070,6,6,true,,false,NO_KNOWN_ISSUES
352,https://www.facebook.com/siamcirclemc,https://www.facebook.com/siamcirclemc,5a19527ce0bc6d6caf520a14081c714371a1d5f975768b050c76f814af4c0767,1,155,156,Siam Circle,continuation-209,zero,299889477345770,0,0,true,,false,NO_KNOWN_ISSUES
353,https://www.facebook.com/HartsandPearls,https://www.facebook.com/hartsandpearls,5a53b8c90927ce6b9366937238d8c824fa68a6a5e322ede73c744bd0878d7024,1,474,506,Harts & Pearls,continuation-209,zero,465295723512567,0,0,true,,false,NO_KNOWN_ISSUES
354,https://www.facebook.com/pages/GreenTreeJewelrycom/130019117045158,https://www.facebook.com/pages/greentreejewelrycom/130019117045158,5a5903875700af1041d7a7d6b1977b5943b93a5d3a546b5d3bfc15f3ea5dcfdd,1,805,839,Green Tree Jewelry,partial-803,zero,130019117045158,0,0,true,,false,NO_KNOWN_ISSUES
355,https://www.facebook.com/WARDROBE.NYC,https://www.facebook.com/wardrobe.nyc,5aa6392dc12cf3264da3e33ead40b29beaf4abd981c37fa70fd0a03c0649a6cf,1,48,49,WARDROBE.NYC,partial-803,positive,531091223894461,47,30,false,,false,NO_KNOWN_ISSUES
356,https://www.facebook.com/alpnrock,https://www.facebook.com/alpnrock,5ab502503e6da8be829c930c7fa70a33178f064ce9b1e63340789b60ffede58e,1,995,1029,Alp N Rock,partial-803,positive,112790982086129,32,30,false,,false,NO_KNOWN_ISSUES
357,https://www.facebook.com/beringiaworld,https://www.facebook.com/beringiaworld,5addb6f6a4c71b15615c65d2a5c6e7fa697de30bba46dd2703b0c6869a3b1e80,1,973,1007,Beringia,partial-803,positive,216841502169122,37,29,false,,false,NO_KNOWN_ISSUES
358,https://www.facebook.com/theperfectprovenance,https://www.facebook.com/theperfectprovenance,5af4765f191d818090437b92b499fab9c9f8d7beb0a6f330485920d56bb67736,1,96,97,The Perfect Provenance,continuation-209,zero,409714962533184,0,0,true,,false,NO_KNOWN_ISSUES
359,https://www.facebook.com/johnnyflyCo,https://www.facebook.com/johnnyflyco,5afd988220f83db7a1f26f97c0e64d06cde2112c2ae147a273dedf63a08efd8e,1,888,922,Johnny Fly,continuation-209,zero,228101017259354,0,0,true,,false,NO_KNOWN_ISSUES
360,https://www.facebook.com/dapperboiclothing,https://www.facebook.com/dapperboiclothing,5b518a186901d53e2062a37d2eb10f5a04e9a69eb0e2b8f9efdb81c0360876cd,2,565|566,598|599,Dapper Boi|Dapper Boi,partial-803,zero,578367748942253,0,0,true,,false,NO_KNOWN_ISSUES
361,https://www.facebook.com/pupsewofficial,https://www.facebook.com/pupsewofficial,5baa3bc8fad62f9458cd24e6fb51be73e0d299e7e0772c705f402b413a2bd510,1,222,225,Pup Sew,partial-803,zero,106588421561006,0,0,true,,false,NO_KNOWN_ISSUES
362,https://www.facebook.com/soulku,https://www.facebook.com/soulku,5bae0e9eb4060ac7b105509593880e045496ee75c9f3a4fbebdfcd7ee91df1ad,1,140,141,SoulKu,continuation-209,error,,,,,no_items,,
363,https://www.facebook.com/shopoventure,https://www.facebook.com/shopoventure,5bb005ae7c721fd5fab66c374269a86a5be6720c2a8420916a27910d5698e2c5,1,751,785,Oventure,partial-803,zero,506820392680309,0,0,true,,false,NO_KNOWN_ISSUES
364,https://www.facebook.com/thecomfy,https://www.facebook.com/thecomfy,5bb06afef17f5c5f14b6cec1c121c3fe12ccc1a42c01f00fb29a8fbfa843aa1f,1,725,759,The Comfy,continuation-209,zero,1468246619929710,0,0,true,,false,NO_KNOWN_ISSUES
365,https://www.facebook.com/ALEMBIKAfashion,https://www.facebook.com/alembikafashion,5bb2398ddbac23342567231881043b1bb57b447c897fd68f9c6135e2a3119da6,1,665,698,ALEMBIKA,partial-803,positive,320384080983,20,20,true,,false,NO_KNOWN_ISSUES
366,https://www.facebook.com/rubbernroad,https://www.facebook.com/rubbernroad,5bd106c71f425d1d2660fafebb87e1fd44c4a73e4fc3ad871bdf32502421a50a,1,1018,1052,RUBBER N' ROAD,partial-803,positive,101023891651295,2,2,true,,false,NO_KNOWN_ISSUES
367,https://www.facebook.com/luxsecondchance,https://www.facebook.com/luxsecondchance,5be7af8eb445c1c5a9146586665fced5e66acb2e66179c71fc2a563a5c69645c,1,389,421,Lux Second Chance,partial-803,zero,772581042851727,0,0,true,,false,NO_KNOWN_ISSUES
368,https://www.facebook.com/wearbonta,https://www.facebook.com/wearbonta,5c0750c80b5b31165e03662ed905ff7c845a64cef0926f19f1b5f008a92daa89,1,46,47,Bonta Apparel,partial-803,positive,615225021683055,17,17,true,,false,NO_KNOWN_ISSUES
369,https://www.facebook.com/plentyhumanwear.ca,https://www.facebook.com/plentyhumanwear.ca,5c55cf8bdf391a78e88270bd7d24e67470573f6e677891e3f371abd1926b7458,1,244,276,Plenty Humanwear,continuation-209,error,,,,,no_items,,
370,https://www.facebook.com/ledbury.llc,https://www.facebook.com/ledbury.llc,5c94c419fb2c4b6bbd23fd86254f254d8f5f544d3c594e68eca0bd4d0ab25e04,1,407,439,Ledbury,continuation-209,positive,62009104590,80,30,false,,false,NO_KNOWN_ISSUES
371,https://www.facebook.com/BeauTiesLtd,https://www.facebook.com/beautiesltd,5cfdfbc86b16660bccc5cb6a3bbdfb65c893a0c779112115489488db2adb80c8,1,629,662,Beau Ties of Vermont,partial-803,positive,79801326619,23,23,true,,false,NO_KNOWN_ISSUES
372,https://www.facebook.com/albatrossclothing.in,https://www.facebook.com/albatrossclothing.in,5d1585be873920ea9a7f1cc220951caeaf4abc4dcb46188b5fd7bd86d7c79f4c,1,666,699,Albatross Clothing,continuation-209,positive,368540456498291,60,28,false,,false,NO_KNOWN_ISSUES
373,https://www.facebook.com/fenogliobootco,https://www.facebook.com/fenogliobootco,5d5e74138672fa2fb5a70076d504c4de1e3db89e70626039a1d414053a54c6bb,1,516,549,Fenoglio Boot Company,partial-803,zero,454947327955473,0,0,true,,false,NO_KNOWN_ISSUES
374,https://www.facebook.com/bondiband,https://www.facebook.com/bondiband,5e20f2f86891263a5722777fef7e74be9285b161acf0a8861721ddf1f43c17a9,1,965,999,Bondi Band,partial-803,zero,150788588853,0,0,true,,false,NO_KNOWN_ISSUES
375,https://www.facebook.com/atlanticrancher,https://www.facebook.com/atlanticrancher,5e36d7bae90b84c45c58781798b0809a716f049d8de359b95256998ddb3557fc,1,642,675,The Atlantic Rancher Company,partial-803,positive,101635566634203,216,30,false,,false,NO_KNOWN_ISSUES
376,https://www.facebook.com/shopcadets,https://www.facebook.com/shopcadets,5e84ec1f7bf801f1a4e77942586bbbe11f43227e008bd9399eed6a72e99f1821,1,178,179,Cadets,partial-803,positive,107010207712680,32,30,false,,false,NO_KNOWN_ISSUES
377,https://www.facebook.com/chloekristyn,https://www.facebook.com/chloekristyn,5eaa60d6a026af33e3f38e743f3bd6e0445076a65eec89e9fcc0c6a1b67edc4b,1,949,983,Chloe Kristyn,partial-803,zero,162599637468737,0,0,true,,false,NO_KNOWN_ISSUES
378,https://www.facebook.com/hosscompany,https://www.facebook.com/hosscompany,5eb82faa601677fef17ccc65302d67db2a663b80ac8b08387fb546d992c20152,2,460|461,492|493,Hoss Co.|Hoss Co.,partial-803,zero,113066797271569,0,0,true,,false,NO_KNOWN_ISSUES
379,https://www.facebook.com/profile.php?id=61558445906125,https://www.facebook.com/profile.php?id=61558445906125,5ec5113c64d22e653e701c3bcf2c84d5ad384d45d42a8b077fbea973167da1ef,1,235,238,Mad Trapper,partial-803,zero,267518733117464,0,0,true,,false,NO_KNOWN_ISSUES
380,https://www.facebook.com/WeWearAustralian,https://www.facebook.com/wewearaustralian,5f51091a5db4963e55723d533f8f93aadf468133f21363737f0a6242445922e7,1,25,26,WeWearAustralian,partial-803,zero,110603905356354,0,0,true,,false,NO_KNOWN_ISSUES
381,https://www.facebook.com/zubaz,https://www.facebook.com/zubaz,5f9b92e61c24cc8be5afb5ca2d4910b97ccb87f0760eaef7e6e926c34e2fc6b7,1,1,2,Zubaz - The Original,partial-803,positive,25263111416,845,30,false,,false,NO_KNOWN_ISSUES
382,https://www.facebook.com/nickshandmadeboots,https://www.facebook.com/nickshandmadeboots,5ff947540d870cfc3f836ccca8a675c01ad7f0c2b551eb52fbc94722b138b418,1,840,874,Nicks Handmade Boots,partial-803,positive,296872533662082,22,22,true,,false,NO_KNOWN_ISSUES
383,https://www.facebook.com/shopzurikenya,https://www.facebook.com/shopzurikenya,60bf9f4d30b313460471550e3ccb573479615436e2885bbe34ff49cae867deae,1,750,784,Zuri (shopzuri.com),partial-803,positive,1424673727561798,271,30,false,,false,NO_KNOWN_ISSUES
384,https://www.facebook.com/rubiawear,https://www.facebook.com/rubiawear,61097f262d298ee5451bcf6afe0c54bd388c3c5d0754ce47b055918ea5ac798e,1,206,209,RubiaWear,partial-803,zero,301692336705042,0,0,true,,false,NO_KNOWN_ISSUES
385,https://www.facebook.com/people/Dire-Design-Haus/61573647270874,https://www.facebook.com/people/dire-design-haus/61573647270874,61104eb57dc5582331ca7380c7c3fcfe5de49d56e2be376613087884839a6ca6,1,266,298,DIRE DESIGN HAUS,partial-803,zero,602374502951955,0,0,true,,false,NO_KNOWN_ISSUES
386,https://www.facebook.com/shopLUSCA,https://www.facebook.com/shoplusca,612e3efde6673379cc851a3b07035b31e7df3565b9488e68992b084b32fa4dcc,1,167,168,LUSCA,partial-803,zero,104060295430470,0,0,true,,false,NO_KNOWN_ISSUES
387,https://www.facebook.com/originalluxury.ca,https://www.facebook.com/originalluxury.ca,61683317e51588c68fd1761c18af7987e92e6663a627e4e47074094e64632b40,1,327,359,OriginalLuxury Inc,partial-803,positive,110653613160643,3,3,true,,false,NO_KNOWN_ISSUES
388,https://www.facebook.com/commonerajewelry,https://www.facebook.com/commonerajewelry,616cc50ae2555d0e1ab6bafe0a00b0eb1f44b7d8c2bcf7801cfb05c303583151,1,582,615,Common Era,partial-803,positive,2541231179230158,26,22,true,,false,NO_KNOWN_ISSUES
389,https://www.facebook.com/tally.taylor.14,https://www.facebook.com/tally.taylor.14,62a1ed4177ae7cf25e4209bc33bbe2303acfeaec938eb6a66eef5dd7d02edfa7,1,729,763,TALLY TAYLOR INC,continuation-209,zero,716151828252483,0,0,true,,false,NO_KNOWN_ISSUES
390,https://www.facebook.com/dauphinesofny,https://www.facebook.com/dauphinesofny,62f600a94a43581d14d3e21e65c11d3adfdb7ccb9eedf5f87e32bb37927dc83f,1,564,597,Dauphines of New York,partial-803,zero,154404434570235,0,0,true,,false,NO_KNOWN_ISSUES
391,https://www.facebook.com/coeursports,https://www.facebook.com/coeursports,63ecea774ff245ba7f5b54aecc836291a121a1b366d99116b4ded7fe4631f1bb,1,943,977,Coeur Sports Inc.,partial-803,positive,408546732599957,15,15,true,,false,NO_KNOWN_ISSUES
392,https://www.facebook.com/pages/ProjectSocialT/236133493091896,https://www.facebook.com/pages/projectsocialt/236133493091896,651ac871d472e4a03716e6f2f14aa1fddc88c9412f55afc88fb4dedc1b12383f,1,794,828,Project Social T,partial-803,positive,236133493091896,53,30,false,,false,NO_KNOWN_ISSUES
393,https://www.facebook.com/GretchenScottDesigns,https://www.facebook.com/gretchenscottdesigns,657efa48a0bd23406f60cd9ef22929f09dabd94c97e1eb7eb85f348c076456f1,1,484,517,Gretchen Scott Designs,continuation-209,error,,,,,no_items,,
394,https://www.facebook.com/seaculturebrand,https://www.facebook.com/seaculturebrand,65b6a324282549d33fbb5d7b1420e6930214f66a535666cc9b146fe4794f266e,1,195,198,SEA CULTURE,partial-803,positive,199336607496886,8,8,true,,false,NO_KNOWN_ISSUES
395,https://www.facebook.com/shopbaybala,https://www.facebook.com/shopbaybala,65da589ea5a8f9442b6bb2bf7f0ddb7baeaa1fa7e323b24becedd8c88e4fb30f,1,181,182,Baybala,partial-803,zero,736357713375291,0,0,true,,false,NO_KNOWN_ISSUES
396,https://www.facebook.com/gaffosofficial,https://www.facebook.com/gaffosofficial,661b12ce1930e1c1482ddd00392939489142a41ce39c9faf4c3ee4f5999f828f,1,914,948,Gaffos.com,partial-803,zero,30513932705,0,0,true,,false,NO_KNOWN_ISSUES
397,https://www.facebook.com/Kahindonyc,https://www.facebook.com/kahindonyc,66317cb12a94b61614de28dc355562be738f9453bfba18e17323477b193c5e01,1,431,463,KAHINDO,continuation-209,error,,,,,no_items,,
398,https://www.facebook.com/joycoastwood,https://www.facebook.com/joycoastwood,668f4d84bf77846da50562835e78138d7f7fd19c16c987f50b7b82645eab5955,1,886,920,Joycoast,partial-803,positive,611720535684531,3,2,true,,false,NO_KNOWN_ISSUES
399,https://www.facebook.com/apricottongirls,https://www.facebook.com/apricottongirls,6707f620279166cbc0582bb6260a38b3d3bc9cd18a515bbd3b44f61441c18fd1,1,652,685,Apricotton,partial-803,positive,109118404195482,86,30,false,,false,NO_KNOWN_ISSUES
400,https://www.facebook.com/yemacalif,https://www.facebook.com/yemacalif,672d02b73e76b5c07bc8bdf4b9f36fbe272ac3c7ba4158af93e995338914cc7d,1,689,723,"YEMA, LLC",continuation-209,zero,149027565539731,0,0,true,,false,NO_KNOWN_ISSUES
401,https://www.facebook.com/p/Tilly-Golf-100086715113483,https://www.facebook.com/p/tilly-golf-100086715113483,67aff0f457fc543bce9ef411d0ec68c0f1843b4c29a961ba59e585d42d031391,1,290,322,Tilly Golf,continuation-209,positive,102103556037887,2,2,true,,false,NO_KNOWN_ISSUES
402,https://www.facebook.com/whimsyandrow,https://www.facebook.com/whimsyandrow,67bd130c7e904d04e713a3c462f097716e87e7fdde9fcdceb6ba321c7cc8e7bb,1,23,24,Whimsy and Row,partial-803,zero,545445125468834,0,0,true,,false,NO_KNOWN_ISSUES
403,https://www.facebook.com/praise.endurance.equipment,https://www.facebook.com/praise.endurance.equipment,67e4dd50586cb0d21fcddd4f11509ecc3659d5500e568ce69029baeacb645989,1,239,271,PRAISE ENDURANCE,partial-803,positive,503342176692561,4,3,true,,false,NO_KNOWN_ISSUES
404,https://www.facebook.com/p/Visibly-Toxic-100087939172190,https://www.facebook.com/p/visibly-toxic-100087939172190,684df83e7c55409b16741015c68fdf2ea5b12ac1da885b27e9cd7669b94fa469,1,289,321,Visibly Toxic,partial-803,zero,105367929077331,0,0,true,,false,NO_KNOWN_ISSUES
405,https://www.facebook.com/petidouxnyc,https://www.facebook.com/petidouxnyc,6853c5268df68a74bd96614489e6c2e3cbf166187b676eac6be9ecacc580379b,1,255,287,Petidoux,partial-803,zero,1402843026636959,0,0,true,,false,NO_KNOWN_ISSUES
406,https://www.facebook.com/SeaSideSilkScreening,https://www.facebook.com/seasidesilkscreening,686e74af9430e8b57cfc2640f00286b6716fd3db4a9b79a194b5a9c21c84d0fc,1,760,794,SeaSide Silk Screening,continuation-209,positive,1490958011168733,1,1,true,,false,NO_KNOWN_ISSUES
407,https://www.facebook.com/pages/Anchor-Bat-Co/848934441802761,https://www.facebook.com/pages/anchor-bat-co/848934441802761,68c64161ae349494b8b0584fc35159b5d9a416d271a40d94ebeb2648bb17ea1c,1,826,860,Anchor Bat Co.,continuation-209,positive,848934441802761,2,2,true,,false,NO_KNOWN_ISSUES
408,https://www.facebook.com/twojointsco,https://www.facebook.com/twojointsco,68dabc8d4e9d4ab0009af300b595448a0451f5de794db06d8740be70b5d7d3d0,1,71,72,Two Joints Surf Co.,partial-803,positive,103539885055442,8,8,true,,false,NO_KNOWN_ISSUES
409,https://www.facebook.com/thelittlemilkbar,https://www.facebook.com/thelittlemilkbar,698e416af04900d7ce113ed94368ed68813960c56e05b37524610c5b80150685,1,99,100,The Little Milk Bar,partial-803,positive,1413030868936244,118,30,false,,false,NO_KNOWN_ISSUES
410,https://www.facebook.com/p/Komune-61560081928697,https://www.facebook.com/p/komune-61560081928697,69d4c74cc2d41818c4e29f3906764d697fddaadbcf4959d968b56d62d0d53b06,1,309,341,Komune,continuation-209,positive,329375030259419,1,1,true,,false,NO_KNOWN_ISSUES
411,https://www.facebook.com/pages/Caycee-Black/129223240441128,https://www.facebook.com/pages/caycee-black/129223240441128,6a1f03a5f18d870ebe70ba138e7279f2961a673b130c458850e93bc366ec1273,1,820,854,Caycee Black Collection,continuation-209,error,,,,,no_items,,
412,https://www.facebook.com/EnvyWigsHairAddOns,https://www.facebook.com/envywigshairaddons,6a3982d8a07ccc8bccd8b084a0400ca82dac41f8918b3529b7d7be88f64d3b04,1,923,957,ENVY by Alan Eaton,continuation-209,error,,,,,no_items,,
413,https://www.facebook.com/emberhurst,https://www.facebook.com/emberhurst,6a864e59c7dcac2d9e31dc9383470c547cc721eb7dee2b1cb604a765a463b092,1,530,563,Emberhurst,continuation-209,zero,978820422327466,0,0,true,,false,NO_KNOWN_ISSUES
414,https://www.facebook.com/malvados,https://www.facebook.com/malvados,6af5b766d6d1ab0c9cfc680e8893d69351fbbd23a01fb43e501c39919a75e935,1,863,897,MALVADOS,partial-803,positive,1448769602095093,45,30,false,,false,NO_KNOWN_ISSUES
415,https://www.facebook.com/jessakae,https://www.facebook.com/jessakae,6af919f9b092b2956621e6f9500cccbed05789e98d434c809d3fcfc440a644d9,1,890,924,JessaKae,partial-803,zero,1744362402474877,0,0,true,,false,NO_KNOWN_ISSUES
416,https://www.facebook.com/Shreddylyfe,https://www.facebook.com/shreddylyfe,6b55acaa5d71bd13f3235d3d7b237b748e9d6a7b29d8b183a9b5f76e3f6db75b,1,156,157,Shreddy Lyfe,partial-803,zero,114910522419712,0,0,true,,false,NO_KNOWN_ISSUES
417,https://www.facebook.com/romaboots,https://www.facebook.com/romaboots,6b8a43f8d23a4dc4b7c65fdf08380c8beabb83df853427a563770b6eafc0a214,1,767,801,Roma Boots,continuation-209,zero,120791584601399,0,0,true,,false,NO_KNOWN_ISSUES
418,https://www.facebook.com/MalanskiBoutique,https://www.facebook.com/malanskiboutique,6ba9036b533af364cfc186b28aa5619a559e231293e3bf967f8f1de5e9cadcfd,1,864,898,Malanski,partial-803,zero,201972776513016,0,0,true,,false,NO_KNOWN_ISSUES
419,https://www.facebook.com/ffinery,https://www.facebook.com/ffinery,6bab9897b4822d5e17f09cc1b027de6c163ac84b0aa3bf9daa09bd082f1b766b,1,917,951,Fishers Finery,partial-803,positive,449532451834913,138,30,false,,false,NO_KNOWN_ISSUES
420,https://www.facebook.com/Impuria-Piercing-Jewelry-111260260594366,https://www.facebook.com/impuria-piercing-jewelry-111260260594366,6bee251d889e1cd2c9cdc4cf55f91346d03dfb721593e93ba4a436a9c6eb68a9,1,454,486,Impuria Ear Piercing Jewelry,partial-803,positive,111260260594366,8,8,true,,false,NO_KNOWN_ISSUES
421,https://www.facebook.com/pages/Saint-Paul-MN/Donalds-Uniforms/94275392794,https://www.facebook.com/pages/saint-paul-mn/donalds-uniforms/94275392794,6bfaa29ff941f18ad574b7cb3768aaa33fd9468eb1863bb9dde4c0fc17d472e2,1,789,823,Donald's Uniform,continuation-209,error,,,,,no_items,,
422,https://www.facebook.com/p/Jorja-100093538502028,https://www.facebook.com/p/jorja-100093538502028,6c007e292d6d58c3b08d6e23104a02946bf7a29d790cb4c2bbb1afba95d80e7b,1,311,343,Jorja,partial-803,zero,102098479583627,0,0,true,,false,NO_KNOWN_ISSUES
423,https://www.facebook.com/people/CK-Bradley/100063733912116,https://www.facebook.com/people/ck-bradley/100063733912116,6c04b2211e58331afa2c03bf215d30b737170e67eb2e6c340af929909ca5c6ee,1,270,302,Ck Bradley,continuation-209,zero,7959038807,0,0,true,,false,NO_KNOWN_ISSUES
424,https://www.facebook.com/blacktoerunningTO,https://www.facebook.com/blacktoerunningto,6c63594020d9504aeabdeb72e5fae2eb2c0da29a6219164d6df29d263ad20540,1,617,650,BlackToe Running Inc.,partial-803,positive,1420053358221677,57,30,false,,false,NO_KNOWN_ISSUES
425,https://www.facebook.com/emiliageorgeofficial,https://www.facebook.com/emiliageorgeofficial,6c86445ecda8d5ca986f94212a1c9b6c3cac1b05a99c3fd857d751de49cc9144,1,924,958,Emilia George®️,partial-803,zero,332657621014628,0,0,true,,false,NO_KNOWN_ISSUES
426,https://www.facebook.com/MoonAndLola,https://www.facebook.com/moonandlola,6c93e8031477e9411c4a1c0400c4f301a453c478427331f82e4bd946aff0f261,1,847,881,Moon and Lola,continuation-209,zero,48983963689,0,0,true,,false,NO_KNOWN_ISSUES
427,https://www.facebook.com/cleansed.clo,https://www.facebook.com/cleansed.clo,6cc1a45ceef96b20c3defa9b46ca543962b32d26309212971d6bfdefb0447f8e,1,588,621,Cleansed | Fashion for the Faithful,partial-803,zero,243020082225516,0,0,true,,false,NO_KNOWN_ISSUES
428,https://www.facebook.com/aleadingrole,https://www.facebook.com/aleadingrole,6cf4c0773c61dc8ebb48f44547cc40bcffff3ebadb07a0e3a198efd2ae6b199a,1,999,1033,A Leading Role,partial-803,zero,185959988728493,0,0,true,,false,NO_KNOWN_ISSUES
429,https://www.facebook.com/kirrinfinch,https://www.facebook.com/kirrinfinch,6cf61e209b4352466c53242240cad715fc03fbde927bafc1de7a8f09d73dc396,1,423,455,Kirrin Finch,partial-803,positive,1649330675279629,38,30,false,,false,NO_KNOWN_ISSUES
430,https://www.facebook.com/pages/Olsenhaus-Pure-Vegan/56800612585,https://www.facebook.com/pages/olsenhaus-pure-vegan/56800612585,6d326ab74598421211e5c4fd9ef00ce97e3ca06a56caa5bd8516fd53e43d0a07,1,284,316,OlsenHaus,partial-803,zero,56800612585,0,0,true,,false,NO_KNOWN_ISSUES
431,https://www.facebook.com/payntrgolf,https://www.facebook.com/payntrgolf,6d66a2e76b9f6f340cfde46a0f45aa2eac4e94ba51a4f6ff7b3e73e6eab6403a,1,278,310,PAYNTR Golf,partial-803,zero,333579497975739,0,0,true,,false,NO_KNOWN_ISSUES
432,https://www.facebook.com/deathgripgloveco,https://www.facebook.com/deathgripgloveco,6d8dfd3b915b3be5380f05b87b4f4915c5318b79ac9e276b64095e656ea9d945,1,562,595,DEATHGRIP GLOVE CO.,partial-803,positive,105561372158180,4,4,true,,false,NO_KNOWN_ISSUES
433,https://www.facebook.com/badasspatches,https://www.facebook.com/badasspatches,6e007a8d6dffdd33986b8359c0e4b698362c09805e5b194cc8cce54e97d4cad3,1,979,1013,Badass Patches,partial-803,positive,1227383824042891,2,2,true,,false,NO_KNOWN_ISSUES
434,https://www.facebook.com/goodwearusa,https://www.facebook.com/goodwearusa,6e531182fdf45d793533805af7acd1cbe2ea8cb8b1a11665966a3277ea54206f,1,910,944,Goodwear USA,partial-803,positive,93834209884,54,30,false,,false,NO_KNOWN_ISSUES
435,https://www.facebook.com/iLoveKatydid,https://www.facebook.com/ilovekatydid,6e936c97ad4e025e6ed2a38f57b157ea36fb78edc9a7bd4c60921fa9b4407abf,1,455,487,Katydid.com & KatydidWholesale.com,partial-803,positive,58720153959,25,25,true,,false,NO_KNOWN_ISSUES
436,https://www.facebook.com/sheathunderwear,https://www.facebook.com/sheathunderwear,6e9ee2c618d0e0edbde54f4677c2d59604cb0b004d04541f0c7e8f6f96158bdd,1,756,790,SHEATH (SHEATH Underwear),partial-803,positive,120665457955886,18,18,true,,false,NO_KNOWN_ISSUES
437,https://www.facebook.com/freedsofwindsor,https://www.facebook.com/freedsofwindsor,6eb218f56c3b9810f685821a735f5ed89a9b8960e0023e9dac8114d556148563,1,915,949,FREEDS is Fashion,partial-803,zero,197796983584620,0,0,true,,false,NO_KNOWN_ISSUES
438,https://www.facebook.com/LoweryBrands,https://www.facebook.com/lowerybrands,6ef31eace3707eafab04febf6636e7ca2f85f628da4e372a8c2c53283b841db6,1,868,902,Lowery Brands,continuation-209,error,,,,,no_items,,
439,https://www.facebook.com/mesbobettes,https://www.facebook.com/mesbobettes,6f1ee9abfd1973865b7e99236978ec4ef8d9ad17cdd68532eb27e51ef5e81c18,1,376,408,MesBobettes,continuation-209,error,,,,,no_items,,
440,https://www.facebook.com/zootsports,https://www.facebook.com/zootsports,6f4842a8491bff1bf74bd0223e52b61bef52398783c5a2292c900653e7f13cf6,1,2,3,Zoot Sports,continuation-209,error,,,,,no_items,,
441,https://www.facebook.com/FreyjaKootenayBoutique,https://www.facebook.com/freyjakootenayboutique,6f4c8e53a47825928b89e5d9fe98b0caf59d094e492f70606865b21f09e10e3a,1,505,538,Freyja | Kootenay Boutique,partial-803,zero,204341807297,0,0,true,,false,NO_KNOWN_ISSUES
442,https://www.facebook.com/OOSHIELUVS,https://www.facebook.com/ooshieluvs,6f57b02bdf383aa5eac48fc4a6065e51b43e54f5bf44b439aafbbefbcb2281b9,1,833,867,Ooshie Resortwear LLC,continuation-209,error,,,,,no_items,,
443,https://www.facebook.com/NicHylClothing,https://www.facebook.com/nichylclothing,6f7db2b5b77facafef4fb0df05e3544792a8165af950b98e6edcf13a57b46ec2,1,348,380,Nic Hyl Clothing,partial-803,zero,196696420435629,0,0,true,,false,NO_KNOWN_ISSUES
444,https://www.facebook.com/rubiesclothing,https://www.facebook.com/rubiesclothing,6fbcbec834c566783c9c52cbe8894d99c50e90992b256708b2077beedd6250e3,1,205,208,RUBIES,partial-803,zero,101476751300330,0,0,true,,false,NO_KNOWN_ISSUES
445,https://www.facebook.com/shopislandoptics,https://www.facebook.com/shopislandoptics,6ff90dddfafc3444a072367f2266425fb9c50d440ed027197cd939ce87768b05,1,169,170,Island Optics,partial-803,zero,105091521708461,0,0,true,,false,NO_KNOWN_ISSUES
446,https://www.facebook.com/odaat.co,https://www.facebook.com/odaat.co,7006f719ea5172b952f4e84eb05be548ccf3d4a6bced3ce91858925aee5da6ec,1,332,364,ODAAT,partial-803,positive,247029161820311,4,4,true,,false,NO_KNOWN_ISSUES
447,https://www.facebook.com/MILA-Los-Angeles-105264881565646,https://www.facebook.com/mila-los-angeles-105264881565646,7008fb52abda388a8ebbc909c3faa373a4b2e6860e4bf6cac0b7d7cf91cfe1f3,1,372,404,MILA,partial-803,zero,105264881565646,0,0,true,,false,NO_KNOWN_ISSUES
448,https://www.facebook.com/knickeyofficial,https://www.facebook.com/knickeyofficial,7045f532be8a6a139ea335302a3dbd37a227b9ff343c6c737e1055f988a1b9b3,1,420,452,Subset,partial-803,positive,313819585879591,23,23,true,,false,NO_KNOWN_ISSUES
449,https://www.facebook.com/7AMENFANT,https://www.facebook.com/7amenfant,706f3f6be6ddfea3fdbed6a02137daade19e78af71f9067717b322414b7824a1,1,674,707,7AM Enfant,continuation-209,positive,49804523812,28,28,true,,false,NO_KNOWN_ISSUES
450,https://www.facebook.com/canvelle,https://www.facebook.com/canvelle,709fc7057753bb0593bbf99cd8ba85a1584008c96b3a56a7af75b3bb09f4380b,1,597,630,Canvelle,continuation-209,positive,141756025917535,76,30,false,,false,NO_KNOWN_ISSUES
451,https://www.facebook.com/pages/RAINRAPS/290977220953802,https://www.facebook.com/pages/rainraps/290977220953802,70cfb78ca9af1e7f59ad48d37793748abd315414b7c52c97a09376ddf9faa646,1,793,827,RAINRAPS,partial-803,positive,290977220953802,4,4,true,,false,NO_KNOWN_ISSUES
452,https://www.facebook.com/pages/Deborah-Marquit/36839144818,https://www.facebook.com/pages/deborah-marquit/36839144818,70d41e2190c05c7e7869cbb9ce2865da52778a76fdafe783ce6560bca012dee9,1,816,850,DEBORAH MARQUIT ®,partial-803,zero,36839144818,0,0,true,,false,NO_KNOWN_ISSUES
453,https://www.facebook.com/VORZANI.fitness,https://www.facebook.com/vorzani.fitness,714987d933e0a1cab53bcc828b930174c9c90000f8cf6e4b5f8adeebe01cde34,1,52,53,"VORZANI, LLC",partial-803,positive,483377398203414,1,1,true,,false,NO_KNOWN_ISSUES
454,https://www.facebook.com/hypsole,https://www.facebook.com/hypsole,717b59990b1379fed36b9da504bf8ed911877825fc07fe1e6606828f5136351e,1,456,488,HYPSOLE®,partial-803,zero,1171515019582566,0,0,true,,false,NO_KNOWN_ISSUES
455,https://www.facebook.com/larkenshop,https://www.facebook.com/larkenshop,71b0d03f885c3c4ba5fae4eaff351dd6d9fc640921df1616dd0988641928e2cb,1,409,441,Larken,partial-803,positive,135259850501174,10,10,true,,false,NO_KNOWN_ISSUES
456,https://www.facebook.com/DraperJamesGirl,https://www.facebook.com/draperjamesgirl,71d5dd597dea2b8f944f788dc58e6e3dd44185e62d77c456c66a06e00134d359,1,933,967,Draper James,continuation-209,error,,,,,no_items,,
457,https://www.facebook.com/seaavision,https://www.facebook.com/seaavision,725612364e137e4e7ebfd6871f2a8f5a14777672bc9ca20250daf0d6dea6497d,1,196,199,Seaav,partial-803,positive,2341048156127938,22,22,true,,false,NO_KNOWN_ISSUES
458,https://www.facebook.com/GalwayBayApparel,https://www.facebook.com/galwaybayapparel,738df336786471ca0e8db28d2703b012fc1826e30e3795744fb54a6ae6f61093,1,499,532,Galway Bay Apparel,partial-803,positive,125784207455447,60,30,false,,false,NO_KNOWN_ISSUES
459,https://www.facebook.com/Ecosysla,https://www.facebook.com/ecosysla,73d8c3c8d091686cfe30c2093683da8c447140783d7cad2f76ff9b2499694dfc,1,538,571,Ecosys LA,partial-803,zero,475738836167237,0,0,true,,false,NO_KNOWN_ISSUES
460,https://www.facebook.com/people/Rookline/100088519731912,https://www.facebook.com/people/rookline/100088519731912,73f02ccb8249186ed0e74771cf8eb22d27c61a84fbf7f2f8abdc87fbc9fa2d56,1,260,292,Rookline,continuation-209,zero,109328545362984,0,0,true,,false,NO_KNOWN_ISSUES
461,https://www.facebook.com/AppamanKids,https://www.facebook.com/appamankids,73f2060164df727c4e1a59a8a8fbd32c4e0ff4bac5dfe4ab7b257f2682e5a8fa,1,653,686,"Appaman, Inc.",partial-803,positive,43313202026,91,30,false,,false,NO_KNOWN_ISSUES
462,https://www.facebook.com/MeisterElite,https://www.facebook.com/meisterelite,73f5b881d8b2458957e7ab1b432d441c059e5cfde92ed799cee1843da7767c77,1,378,410,Meister,partial-803,zero,217084068325443,0,0,true,,false,NO_KNOWN_ISSUES
463,https://www.facebook.com/zanneft,https://www.facebook.com/zanneft,744921d5bcf9b6b005d1bb53e3d772b0d2ff7a35a680c63b7bebbbbb22d256ee,1,6,7,Zanneft,partial-803,zero,592091081169920,0,0,true,,false,NO_KNOWN_ISSUES
464,https://www.facebook.com/shopmerier,https://www.facebook.com/shopmerier,74bfd3529da1f053c7e59db7368aa771b4bfcf693ce4f9706519d9fc84f1cb5b,1,165,166,Merier,partial-803,zero,114662238154411,0,0,true,,false,NO_KNOWN_ISSUES
465,https://www.facebook.com/walkeepaws,https://www.facebook.com/walkeepaws,74d51ca9f4280d3a9a7559f47044c82d0f13b6f5f3c130f9c02eec859878e4da,1,698,732,Walkee Paws,continuation-209,positive,570927756423392,2,2,true,,false,NO_KNOWN_ISSUES
466,https://www.facebook.com/pages/Modatrova/1431975317066566,https://www.facebook.com/pages/modatrova/1431975317066566,75158936399d9ff2a20bc217e129efc81ffec0f7f965b2e82014fd3074205d26,1,799,833,Modatrova,continuation-209,error,,,,,no_items,,
467,https://www.facebook.com/HamiltonShirts,https://www.facebook.com/hamiltonshirts,75525ad1b8dea0ed4938f73c4cae9b18b326c5366301725cb435da6fae567a97,1,909,943,Hamilton Shirts,partial-803,zero,85920177007,0,0,true,,false,NO_KNOWN_ISSUES
468,https://www.facebook.com/people/Ritual-Velvet/61578060878865,https://www.facebook.com/people/ritual-velvet/61578060878865,7553560ac8beb46b6efc382492c916c6029d2cc5ea36b89be07bbe5d33df71d3,1,261,293,Ritual Velvet,continuation-209,zero,721951371002297,0,0,true,,false,NO_KNOWN_ISSUES
469,https://www.facebook.com/boutiqueunicorn,https://www.facebook.com/boutiqueunicorn,75d3fdd14133404cd49503d41154898084365e775030216521764bf69c8140cc,1,610,643,Boutique Unicorn,partial-803,zero,18489276630,0,0,true,,false,NO_KNOWN_ISSUES
470,https://www.facebook.com/equipeathletics,https://www.facebook.com/equipeathletics,75eb755aac3fe1927e7ca6a9efca7ae42268ec9dc78feff6c00349e2ac8031f3,1,527,560,"Equipe, Inc.",partial-803,zero,1709859939245760,0,0,true,,false,NO_KNOWN_ISSUES
471,https://www.facebook.com/lovesuzenyc,https://www.facebook.com/lovesuzenyc,7659728768cf8fc44641ba3c8310ff3fe997852d8b24fdbb7e259a2c75c43e92,1,393,425,LOVESUZE,partial-803,positive,2409647645775518,12,12,true,,false,NO_KNOWN_ISSUES
472,https://www.facebook.com/vonHolzhausen,https://www.facebook.com/vonholzhausen,765e99f43858405e462510e134d81e33c1d63af3609c2f1b6ecd62f25317a1db,1,53,54,von Holzhausen,partial-803,zero,187598654633670,0,0,true,,false,NO_KNOWN_ISSUES
473,https://www.facebook.com/aiori.co,https://www.facebook.com/aiori.co,775118ccb2d486b2ba287688ddd8718f6c872ac654dd78b563740b38d5abb4d5,1,667,700,Aiori,partial-803,positive,105704448444413,20,20,true,,false,NO_KNOWN_ISSUES
474,https://www.facebook.com/osagafootwear,https://www.facebook.com/osagafootwear,7762d1f613587428aee9ab2b712417ba6ac7c98d4eff0b1ea278e3f002db09f6,1,326,358,Osaga,continuation-209,error,,,,,no_items,,
475,https://www.facebook.com/worldofomika,https://www.facebook.com/worldofomika,777b8865cb1d39c5124877067c1a7df154a56918f836a7e4741d94ea74637a9d,1,15,16,Omika,continuation-209,error,,,,,no_items,,
476,https://www.facebook.com/azulsieteofficial,https://www.facebook.com/azulsieteofficial,778f7c1fe6fd01cf732f334eff5062a24969efa2caf748a391636398f9e07292,1,982,1016,azul Siete,partial-803,zero,545617532184250,0,0,true,,false,NO_KNOWN_ISSUES
477,https://www.facebook.com/Adagio.Apparel,https://www.facebook.com/adagio.apparel,786b232a87abe1564cf843cc4e2f0d9858962380c9265223c41d1253f43c2397,1,671,704,Adagio Apparel,continuation-209,zero,128756433903564,0,0,true,,false,NO_KNOWN_ISSUES
478,https://www.facebook.com/giairl,https://www.facebook.com/giairl,792574e1311112841b6d08cc8d2d879d895317c4b171da15a64b18e1f6562a6b,1,490,523,GIA/irl,partial-803,zero,103299641997669,0,0,true,,false,NO_KNOWN_ISSUES
479,https://www.facebook.com/joerocketgear,https://www.facebook.com/joerocketgear,7925a1591a7b62a24de8c4a0f446ea4afe3755bbe7a0d20d88491a1ef307014d,1,434,466,Joe Rocket International,continuation-209,positive,262949240643,12,12,true,,false,NO_KNOWN_ISSUES
480,https://www.facebook.com/thegroundedpeople,https://www.facebook.com/thegroundedpeople,7a1fb924b4b49771da84891fcaca9a026c221de5601e6d4d72f5bf8acb857f6b,1,101,102,Grounded People Apparel,continuation-209,error,,,,,no_items,,
481,https://www.facebook.com/classiccoco,https://www.facebook.com/classiccoco,7a58a6ce901d93b98ad87af5e630b5feb78dea5207b46c36a4ed32b733a27766,1,946,980,CLASSIC COCO,partial-803,zero,306552042691591,0,0,true,,false,NO_KNOWN_ISSUES
482,https://www.facebook.com/vivigzco,https://www.facebook.com/vivigzco,7af749b53095e67a8e8c990b2087722bc18ffd93eb2a83f3d28b1d2e8b1e7085,1,700,734,Vivi G'z LLC,partial-803,zero,988780971226245,0,0,true,,false,NO_KNOWN_ISSUES
483,https://www.facebook.com/ProBikeSupply,https://www.facebook.com/probikesupply,7b3098b9f7019446455ea7e69c29cbf6143c573eeb2de373f23cc2557050db4b,1,237,269,Pro Bike Supply,partial-803,positive,186553248044919,4,4,true,,false,NO_KNOWN_ISSUES
484,https://www.facebook.com/thedresscode.co,https://www.facebook.com/thedresscode.co,7b35dc857927455273247651b1b7e9bc37591263a40a39069a55b76caac41fb9,1,104,105,<dresscode/>,partial-803,zero,106209554181132,0,0,true,,false,NO_KNOWN_ISSUES
485,https://www.facebook.com/CRISTALLINIOfficial,https://www.facebook.com/cristalliniofficial,7b3fc7a8cd951ae441d51297f558b4ae3ea8ef0acf2a91afa1daa509e7c1b459,1,573,606,CRISTALLINI,partial-803,positive,127652923772741,147,30,false,,false,NO_KNOWN_ISSUES
486,https://www.facebook.com/SungaLifeSwim,https://www.facebook.com/sungalifeswim,7b8e97dbb52f1262853272189635c31c083430ef782a4d203ff9a3cb0f75ca13,1,120,121,Sunga Life,partial-803,zero,945601685528717,0,0,true,,false,NO_KNOWN_ISSUES
487,https://www.facebook.com/buldano,https://www.facebook.com/buldano,7b964bf1b4ada05668fa5bd525a35ade9c9fd2c5d299c192e3fb63c255a8d161,1,602,635,Buldano,partial-803,zero,1534564813463337,0,0,true,,false,NO_KNOWN_ISSUES
488,https://www.facebook.com/exclusivedeliveryco1,https://www.facebook.com/exclusivedeliveryco1,7bef4b17dcb85922cc82a814314baae5550400ad3dc495b8db0eb193192911fa,1,920,954,Exclusive Delivery Co.,partial-803,zero,1134777726655332,0,0,true,,false,NO_KNOWN_ISSUES
489,https://www.facebook.com/LinotoLinens,https://www.facebook.com/linotolinens,7bfb5b993344f0b0b2ea4fd1ac7d8be2098c3a22ee3bde12a799a29f525e74aa,1,871,905,Linoto,partial-803,zero,20612203852,0,0,true,,false,NO_KNOWN_ISSUES
490,https://www.facebook.com/sunshineprojectusa,https://www.facebook.com/sunshineprojectusa,7bff8bd28613891bbe9126dc414f9a7cb6f8620262cadedccc7b0c629487c11c,1,119,120,Sunshine Project,partial-803,zero,1022306117640850,0,0,true,,false,NO_KNOWN_ISSUES
491,https://www.facebook.com/p/LK-BLUE-61575502809116,https://www.facebook.com/p/lk-blue-61575502809116,7c83d527323aec73f235402e89e84e9e63a0e4e019dd0b2d8b0bdceff5a888e5,1,307,339,LK BLUE,partial-803,zero,592296643974563,0,0,true,,false,NO_KNOWN_ISSUES
492,https://www.facebook.com/gaidama.usa,https://www.facebook.com/gaidama.usa,7cb06ee736ffe270f8a8da4419494f38ae9353b3e8ec0c664c00f5079f1ffbaa,1,501,534,Gaidama,partial-803,positive,104853547734724,44,30,false,,false,NO_KNOWN_ISSUES
493,https://www.facebook.com/modernpicnic,https://www.facebook.com/modernpicnic,7cf0469acac53d5a27234c9477d6a52a0bb11ae23cf3e5e605087ade2aa6f121,1,366,398,Modern Picnic,continuation-209,zero,1569861913080754,0,0,true,,false,NO_KNOWN_ISSUES
494,https://www.facebook.com/fallonandava,https://www.facebook.com/fallonandava,7d00a9f4d1847974875c6408dc2d563c3291b3b19a8d6dbbc7a4cd3295f39c9c,1,520,553,Fallon & Ava,partial-803,zero,108391275247447,0,0,true,,false,NO_KNOWN_ISSUES
495,https://www.facebook.com/WearThePeaceClothing,https://www.facebook.com/wearthepeaceclothing,7d253716423424af5fbf646fe6dcd165af37daa46f0f8c3b2cdb1b795cace588,1,33,34,Wear The Peace,partial-803,positive,1863937660496056,62,30,false,,false,NO_KNOWN_ISSUES
496,https://www.facebook.com/p/Team-Avoli-100094212397516,https://www.facebook.com/p/team-avoli-100094212397516,7d33ae88eabdffc0dd6d6853bee0c8519ad853b6cb8a1063c31fe0f15a951196,1,292,324,Avoli,partial-803,zero,109346052209663,0,0,true,,false,NO_KNOWN_ISSUES
497,https://www.facebook.com/shopwesternandco,https://www.facebook.com/shopwesternandco,7d77dae8e406b7aec4b19b47d9290be8dd9eb63c0655833748608cc7436619a8,1,158,159,Western & Co.,partial-803,positive,234944576618711,7,7,true,,false,NO_KNOWN_ISSUES
498,https://www.facebook.com/adaptadvancers,https://www.facebook.com/adaptadvancers,7d8fd786796a236ec3e69ae0fa3157f5d78a00a24616c5495f07ca3dd4394e96,1,1001,1035,"Adapt Clothing, Inc.",partial-803,zero,113958748711414,0,0,true,,false,NO_KNOWN_ISSUES
499,https://www.facebook.com/swingjuice,https://www.facebook.com/swingjuice,7df8023475089352d9dd6d82e388d8c8bf305bdb7a71474fe9e763025420bc02,1,116,117,SwingJuice,partial-803,zero,44812626278,0,0,true,,false,NO_KNOWN_ISSUES
500,https://www.facebook.com/pages/Electric-Rose-Clothing/146884572042444,https://www.facebook.com/pages/electric-rose-clothing/146884572042444,7e07c2fdb00ce512ee19ca0b1e58f52ab8a87c16cd6aeaea57623ef9362ea561,1,815,849,Electric & Rose Clothing,partial-803,positive,146884572042444,8,8,true,,false,NO_KNOWN_ISSUES
501,https://www.facebook.com/Renwicksport,https://www.facebook.com/renwicksport,7e7ad946fcf7673d6affd6edb48ad5f71f5806a433ab54b4fca82cc46cedf15c,1,217,220,RENWICK,partial-803,positive,101377668453167,44,30,false,,false,NO_KNOWN_ISSUES
502,https://www.facebook.com/ChurchofJesusChrist,https://www.facebook.com/churchofjesuschrist,7e97ad528634b3cfd89c1e344fce739de547a3e0f90ae115a67153214d17faf3,1,947,981,The Church of Jesus Christ of Latter-day Saints,partial-803,zero,18523396549,0,0,true,,false,NO_KNOWN_ISSUES
503,https://www.facebook.com/PhatBuddhaWear,https://www.facebook.com/phatbuddhawear,7e990af3760958125bbc170130713781d527bc698904c3972d5994c7840ded66,1,250,282,Phat Buddha,partial-803,zero,1440459646235679,0,0,true,,false,NO_KNOWN_ISSUES
504,https://www.facebook.com/shophouseoflulu,https://www.facebook.com/shophouseoflulu,7eb1bea949ec79de1b1a35b3cb9c5f63e1a7da23a12fffbdeb7108bde6b56628,1,173,174,House of Lulu,partial-803,zero,603485516347916,0,0,true,,false,NO_KNOWN_ISSUES
505,https://www.facebook.com/eoptimized,https://www.facebook.com/eoptimized,7eb50e814bbcce3eb39b3c4b4f04f7ba46fffd52e00137c5c18968e3c733cde9,1,922,956,eOptimized,continuation-209,zero,1419042938314133,0,0,true,,false,NO_KNOWN_ISSUES
506,https://www.facebook.com/tribekelley,https://www.facebook.com/tribekelley,7edb8dc757e85427c2788bc44c6cd5806e4cd3f0f9be4e985679eec6015e9fe9,1,80,81,Tribe Kelley,partial-803,positive,478803978922051,42,30,false,,false,NO_KNOWN_ISSUES
507,https://www.facebook.com/BloqUV,https://www.facebook.com/bloquv,7f6c63fbab9fe603639be901f0c6426a26568eeca8c9ab74c03089aea02cdc36,1,968,1002,BloqUV,partial-803,positive,150526167846,18,18,true,,false,NO_KNOWN_ISSUES
508,https://www.facebook.com/LosanoOfficial,https://www.facebook.com/losanoofficial,7f8ec03c79e7e0c4251c5d5c3bbabf9f11cc26439f38708ec5d4c9beb21bfec7,1,395,427,Losano,partial-803,zero,111483878349736,0,0,true,,false,NO_KNOWN_ISSUES
509,https://www.facebook.com/LotuffLeather,https://www.facebook.com/lotuffleather,7f902c85d9040241cb397f9fa67a7cf3b6ef2610afef0dcd4993b5e6795b32bb,1,394,426,Lotuff Leather,partial-803,positive,195649397193800,5,5,true,,false,NO_KNOWN_ISSUES
510,https://www.facebook.com/abelhonornewyork,https://www.facebook.com/abelhonornewyork,7f9780ef9c11afe6b6dad9cd9c8fe43d1906e599877bb8704d92cec5ec26a4a8,1,673,706,Abel Honor New York,partial-803,zero,104278350950182,0,0,true,,false,NO_KNOWN_ISSUES
511,https://www.facebook.com/ahbloknitwear,https://www.facebook.com/ahbloknitwear,7fd1662bfbd4bcb1ba7538ca3a188447561609a4d200a3ab6d8527f8c6ff31e6,1,668,701,AHBLO Luxury Knitwear,partial-803,zero,106741275399293,0,0,true,,false,NO_KNOWN_ISSUES
512,https://www.facebook.com/BridgenBoro,https://www.facebook.com/bridgenboro,803be79b66c4428e14e2e20205da5dd8ab365ff0c00b6925955a92b4266d87d0,1,606,639,Bridge & Boro,partial-803,zero,248944698482852,0,0,true,,false,NO_KNOWN_ISSUES
513,https://www.facebook.com/InspiredComforts,https://www.facebook.com/inspiredcomforts,80457458332bf2d2f6e8eee66e5dbfe2048239bd5e4d407ecfc6740dd0f883af,1,451,483,Inspired Comforts,partial-803,positive,355785278373404,4,4,true,,false,NO_KNOWN_ISSUES
514,https://www.facebook.com/sockprints,https://www.facebook.com/sockprints,807a60e2a02b30aa49f1d26c4fd9f4d5fc500dafb354d197ad6d7fe230fcc343,1,741,775,Sockprints,partial-803,zero,114256582134,0,0,true,,false,NO_KNOWN_ISSUES
515,https://www.facebook.com/pg/viacavourtoronto,https://www.facebook.com/pg/viacavourtoronto,8099502cff73ef6ed5ecf1dc074038aeb7789481fc8c56698d93385b7d3b700c,1,251,283,Via Cavour,continuation-209,zero,174418229280173,0,0,true,,false,NO_KNOWN_ISSUES
516,https://www.facebook.com/shopannmarie,https://www.facebook.com/shopannmarie,81211ea3800fad08a6acfd834e0a5ef35119fd70a00d91acfe64ffb3b0ee45ed,1,182,183,Annmarie D'Ercole Jewelry & Apparel,partial-803,zero,523558784325974,0,0,true,,false,NO_KNOWN_ISSUES
517,https://www.facebook.com/breatheindetroit,https://www.facebook.com/breatheindetroit,813486de46c1c7f15ce729c11e51f0f7b9b288d83b65058b278d25a5da5c6d5e,1,607,640,Breathe in Detroit,partial-803,zero,751878784907601,0,0,true,,false,NO_KNOWN_ISSUES
518,https://www.facebook.com/malamantra,https://www.facebook.com/malamantra,818cdb9c3277b6e688f382474065d035cddfd0ef67f64d03cd4cd8621299541d,1,865,899,Mala and Mantra,partial-803,zero,1966612293391158,0,0,true,,false,NO_KNOWN_ISSUES
519,https://www.facebook.com/branwynofficial,https://www.facebook.com/branwynofficial,81b3564e4a30b45521a2b2bbd09f14b2f665cefe7d6d71107c85960063d3ce43,1,609,642,BRANWYN | Performance Innerwear,partial-803,positive,586468125098330,185,30,false,,false,NO_KNOWN_ISSUES
520,https://www.facebook.com/storyspark,https://www.facebook.com/storyspark,8281cf8946a2165228442bd20d0f0a82c4869067d275864a1e4d16f56c656c78,1,126,127,STORY SPARK,partial-803,zero,366752383480001,0,0,true,,false,NO_KNOWN_ISSUES
521,https://www.facebook.com/consciousstep,https://www.facebook.com/consciousstep,83060b7b1d64c9e9d428032b68f2e349358ea111933e199f77d4a408cea75b74,1,579,612,Conscious Step,partial-803,positive,173837496125511,51,30,false,,false,NO_KNOWN_ISSUES
522,https://www.facebook.com/partyshirtinternational,https://www.facebook.com/partyshirtinternational,831069b939949699ce534c3aef8c22bbb265bbc54174acc094670ad83666c3a7,1,280,312,Party Shirt International,partial-803,zero,223395338283806,0,0,true,,false,NO_KNOWN_ISSUES
523,https://www.facebook.com/ameandlulu,https://www.facebook.com/ameandlulu,8333663f0cbf3f5f2655c81379834f36d3ab262a011c8d7e749a64d8cc6ae0da,1,993,1027,Ame & Lulu,continuation-209,positive,21692611874,19,19,true,,false,NO_KNOWN_ISSUES
524,https://www.facebook.com/stevenlandfashion,https://www.facebook.com/stevenlandfashion,83746a235148b982e8a5573df77f5a5d8cb066d5eac5e4ff90f5735c2fa47974,1,735,769,Steven Land,partial-803,positive,179652435409590,14,14,true,,false,NO_KNOWN_ISSUES
525,https://www.facebook.com/wearminus273,https://www.facebook.com/wearminus273,83b43830973a8cc3f456ced115b6eaca4e66483a62d6c0be82dd6717206bc555,1,37,38,-273,partial-803,zero,1581435445473120,0,0,true,,false,NO_KNOWN_ISSUES
526,https://www.facebook.com/wearemandrn,https://www.facebook.com/wearemandrn,840790bd349739c5ca92e0e4fa6fe382b4c55967f033c09b14366850714f2baa,1,44,45,MANDRN,partial-803,positive,767597836974576,31,29,false,,false,NO_KNOWN_ISSUES
527,https://www.facebook.com/izzyandliv,https://www.facebook.com/izzyandliv,8415b3d535112b9a7fe27921da1a8a74ac4c0b587c72c2de2154883794a4df32,1,896,930,Izzy & Liv,continuation-209,error,,,,,no_items,,
528,https://www.facebook.com/people/Devota/61580282446192,https://www.facebook.com/people/devota/61580282446192,8450b2639bd30c1479c2702e457a4bfdd4493208d82ffd063465c4e6b1fc41ec,1,267,299,Devota Clothing,partial-803,positive,748079288395437,1,1,true,,false,NO_KNOWN_ISSUES
529,https://www.facebook.com/aztechmountain,https://www.facebook.com/aztechmountain,850348ca018a3987d17e701b9e0b87ce75e62f8ac04e314c11ac9a417167c663,1,639,672,Aztech Mountain,partial-803,positive,908213549254446,19,19,true,,false,NO_KNOWN_ISSUES
530,https://www.facebook.com/ivycoastcollection,https://www.facebook.com/ivycoastcollection,8513160fccaf7dc5b821697da8aa18b5be29334a0fbe03a16fd6eddb60acfb05,1,442,474,Ivy Coast,partial-803,zero,286270611245751,0,0,true,,false,NO_KNOWN_ISSUES
531,https://www.facebook.com/dropxvault,https://www.facebook.com/dropxvault,8522fb6c0401e68fbb54e6a7201f53e707e584b6b1b709c6132d849e345fa68e,1,546,579,Drop Vault,partial-803,zero,388760367648830,0,0,true,,false,NO_KNOWN_ISSUES
532,https://www.facebook.com/campingwithdogsofficial,https://www.facebook.com/campingwithdogsofficial,8533bf7c3345abcf5baca2816737e544c545a98b6fc0b87207e00f2e7c2d61e8,1,955,989,Camping With Dogs,partial-803,zero,889288781083125,0,0,true,,false,NO_KNOWN_ISSUES
533,https://www.facebook.com/Luvons,https://www.facebook.com/luvons,85594418a9c9374fab2c85238e907e13380461340e1c63aebbd07427512c0b79,1,391,423,Luvons,partial-803,positive,105503682574732,4,4,true,,false,NO_KNOWN_ISSUES
534,https://www.facebook.com/shhhowercap,https://www.facebook.com/shhhowercap,85ac480491646a9bc8427c2cdd6091beac3469ed6c1c8e21c9a5aade92c8f4c0,1,1016,1050,SHHHOWERCAP,partial-803,zero,267212220112751,0,0,true,,false,NO_KNOWN_ISSUES
535,https://www.facebook.com/wearjoyproject,https://www.facebook.com/wearjoyproject,85f72a3e2db9e049540540f39f7c493255cccae4a463cee4c287082c3921101a,1,39,40,Wear Joy Project,partial-803,zero,115022793225252,0,0,true,,false,NO_KNOWN_ISSUES
536,https://www.facebook.com/soludos,https://www.facebook.com/soludos,862c56586e877db7663abbd20fbe8e0b5a7cbb1a795b530a808e965762e6a843,1,739,773,Soludos,partial-803,positive,133193066701863,123,30,false,,false,NO_KNOWN_ISSUES
537,https://www.facebook.com/BigBoyBamboo,https://www.facebook.com/bigboybamboo,8651aa7f4d7500d2c3443f8133147f6747ed412abbe98a5c7be7d3e1b7d2e104,1,620,653,"Big Boy Bamboo (Smart Bamboo Technologies, Inc.)",partial-803,positive_empty,711134469023550,13,0,true,,false,NO_KNOWN_ISSUES
538,https://www.facebook.com/pages/Arlenes-Costumes/120199338902,https://www.facebook.com/pages/arlenes-costumes/120199338902,86bbc756a42f9ea45163a1d3b4d048d6a252e945f627bee05e0da09adfa9f810,1,825,859,Arlene's Costumes,partial-803,zero,120199338902,0,0,true,,false,NO_KNOWN_ISSUES
539,https://www.facebook.com/elleandriley,https://www.facebook.com/elleandriley,86d43aac25041970a25200872e91ed9857951782fec9e4e4e5875723893be587,1,534,567,Elle & Riley,partial-803,positive,581039175398465,44,30,false,,false,NO_KNOWN_ISSUES
540,https://www.facebook.com/SPIbelt,https://www.facebook.com/spibelt,86e07bc9f647255a5e4279df544acbb616348b71b7e8d03b1cb3e6bd65f7a5b3,1,737,771,SPIbelt,partial-803,positive,53555273373,3,3,true,,false,NO_KNOWN_ISSUES
541,https://www.facebook.com/westcoastblendsapparel,https://www.facebook.com/westcoastblendsapparel,8732128d635dbd4b1ae1814a6ae82ecc714d99064b05687183f0c28233139549,1,29,30,West Coast Blends,partial-803,zero,100982058867770,0,0,true,,false,NO_KNOWN_ISSUES
542,https://www.facebook.com/happinessmerch,https://www.facebook.com/happinessmerch,8750e657bcfa5d321e7538e603c7466cfda40d41988c595ffa152d9842518e63,1,475,507,Happiness Project,partial-803,positive,1940552932851999,43,30,false,,false,NO_KNOWN_ISSUES
543,https://www.facebook.com/PLAE,https://www.facebook.com/plae,876632fda37be7ee6c21c07ffa464ec6ad5594a602573faa9f5e594328f3549b,1,245,277,PLAE (plae.co),partial-803,zero,229075190571048,0,0,true,,false,NO_KNOWN_ISSUES
544,https://www.facebook.com/distantlocal,https://www.facebook.com/distantlocal,87dcb32e66c09fcb49713555c101ba16c080f6b64dacbdbbb81d7f0fed6c9041,1,555,588,Distant Local,partial-803,zero,110190271796471,0,0,true,,false,NO_KNOWN_ISSUES
545,https://www.facebook.com/people/Dark-Femme/61560859526559,https://www.facebook.com/people/dark-femme/61560859526559,8843da35a267cbc868dec255a93285bd9fef62e8d101c8f75bc7e947abcd2e16,1,269,301,DARK Femme,continuation-209,zero,350979504759776,0,0,true,,false,NO_KNOWN_ISSUES
546,https://www.facebook.com/viennemilano,https://www.facebook.com/viennemilano,884a9e759962c63016cc4eb0ceb4dcfd8362508f844f3d5640cead8bf2bd1f81,1,59,60,VienneMilano Luxury Hosiery,partial-803,positive,191086700936417,106,23,false,,false,NO_KNOWN_ISSUES
547,https://www.facebook.com/profile.php?id=61570926656779,https://www.facebook.com/profile.php?id=61570926656779,88763d0154529af19b93813941c7ea0592a6e34808d504fbdfcc0b8138ca9a92,1,233,236,H.H. Golden,partial-803,zero,524126884114067,0,0,true,,false,NO_KNOWN_ISSUES
548,https://www.facebook.com/thesweatstorelv,https://www.facebook.com/thesweatstorelv,88d12fbbca0d6ddf50d24798961ada880cbf98c7ebfe219ecae2aa4be4dd8270,1,719,753,The Sweat Store,partial-803,zero,393845110710723,0,0,true,,false,NO_KNOWN_ISSUES
549,https://www.facebook.com/ADACollection,https://www.facebook.com/adacollection,88d468dc7ee43922b24d55707e576083608ce725d44f2cb401a08a431869d834,1,1002,1036,ADA Collection,continuation-209,positive,138470622940205,14,14,true,,false,NO_KNOWN_ISSUES
550,https://www.facebook.com/thisisveda,https://www.facebook.com/thisisveda,88d4c6b50f3b7a27e7c47fdfd866626e03e22e2aecafda8ae3bdcec6dd0e1801,1,717,751,VEDA NYC,partial-803,zero,34663962876,0,0,true,,false,NO_KNOWN_ISSUES
551,https://www.facebook.com/betreelyfe,https://www.facebook.com/betreelyfe,88f6aba9f7e452496fabbe8f58d2149932ddcd01f59ec5f92625d177373fa7b7,1,624,657,Tree Lyfe,partial-803,zero,394780034049011,0,0,true,,false,NO_KNOWN_ISSUES
552,https://www.facebook.com/pages/Yellowberry/557685267602446,https://www.facebook.com/pages/yellowberry/557685267602446,893f672a73b55cae19d215bb7361428e972fa53a4f215b0a36bb71c730812351,1,283,315,Yellowberry,partial-803,zero,557685267602446,0,0,true,,false,NO_KNOWN_ISSUES
553,https://www.facebook.com/Airblaster.O.F.P,https://www.facebook.com/airblaster.o.f.p,8964e7dda23e575229cae06de08ead8ea41890eae4e96a4ed178c13b04d6d3ae,1,1000,1034,Airblaster,continuation-209,error,,,,,no_items,,
554,https://www.facebook.com/elliparrjewelry,https://www.facebook.com/elliparrjewelry,89ab6eb219c823e29405d73b5df655a6c2d89bd5a7550f6d455d370796d8cf97,1,532,565,Elli Parr Jewelry,continuation-209,positive,1699469587000445,2,2,true,,false,NO_KNOWN_ISSUES
555,https://www.facebook.com/lemonandline,https://www.facebook.com/lemonandline,89cf4a7fa65ff9ce827192f646c7fc79bdfd2cbe62c35557f4db8cc04bc3cdfd,1,874,908,Lemon & Line,partial-803,positive,226595687394200,29,29,true,,false,NO_KNOWN_ISSUES
556,https://www.facebook.com/KristaKBoutique,https://www.facebook.com/kristakboutique,89d13a12be24e8f20726d467555543b6b87278d67c5147ad60a48ac619b741e6,1,881,915,Krista K Boutique,partial-803,positive,134985917251,3,3,true,,false,NO_KNOWN_ISSUES
557,https://www.facebook.com/in2designjewelry,https://www.facebook.com/in2designjewelry,8a14d97b56eae4d164e08e9f15fdd79dbbd24ebee1df9116a602eba594607819,1,898,932,in2 design,partial-803,zero,111646765529044,0,0,true,,false,NO_KNOWN_ISSUES
558,https://www.facebook.com/letsgoiksplor,https://www.facebook.com/letsgoiksplor,8a8092ed2c8dff69ba45fef1b14400d78af558e984c38260f7945eede31cb888,1,404,436,Iksplor,partial-803,positive,162322511078756,28,28,true,,false,NO_KNOWN_ISSUES
559,https://www.facebook.com/GRIPANDCO,https://www.facebook.com/gripandco,8a8ef2cee37d503fa74753470476c34098e46650605b995de2d5109afb3dbf7c,1,483,516,GRIP & CO.,continuation-209,error,,,,,no_items,,
560,https://www.facebook.com/gamersoutreach,https://www.facebook.com/gamersoutreach,8ab7363c919efe978e33da89c588d822599c2afae8081c6091fc20261c733425,1,498,531,Gamers Outreach,partial-803,zero,168876631116,0,0,true,,false,NO_KNOWN_ISSUES
561,https://www.facebook.com/recoverbrands,https://www.facebook.com/recoverbrands,8ad56537e6808626f1d099aee8904b476f3af9911ca6126340ffa255dfd8b205,1,218,221,Recover Brands,partial-803,positive,115565378472952,11,11,true,,false,NO_KNOWN_ISSUES
562,https://www.facebook.com/thecitycollections,https://www.facebook.com/thecitycollections,8afc4678dc97de1350fa2d6ae6155b3df1ad3f86dfaa1e00046dcfbf642cb426,1,105,106,CITY Boots,partial-803,positive,564521313684801,38,30,false,,false,NO_KNOWN_ISSUES
563,https://www.facebook.com/pages/TailorByrd/104284812964051,https://www.facebook.com/pages/tailorbyrd/104284812964051,8b0f78b91863540bd1c25efbd546abb861e74a324086787dfc6ca46dac4a4d11,1,785,819,TAILORBYRD,partial-803,zero,104284812964051,0,0,true,,false,NO_KNOWN_ISSUES
564,https://www.facebook.com/sapahn,https://www.facebook.com/sapahn,8b32f12a47050574ade1ead873c0398b51deb8bf0e040252ca44cb3208668b79,1,197,200,Sapahn,partial-803,positive,109406229122864,44,30,false,,false,NO_KNOWN_ISSUES
565,https://www.facebook.com/inclusivejewelry,https://www.facebook.com/inclusivejewelry,8b62d2ac7bab2953920aa6b29b57ef4b6d194236063ad200e2ebea70dd5e8b90,1,453,485,Inclusive Jewelry,partial-803,zero,428218737978093,0,0,true,,false,NO_KNOWN_ISSUES
566,https://www.facebook.com/bathertrunks,https://www.facebook.com/bathertrunks,8b7a932d40cbb9fa7aeef6bbb8ecb5297fea73f9e201d96b0f92f5ef9da312c7,2,631|632,664|665,Bather|Bather,partial-803,positive,424665560958239,363,30,false,,false,NO_KNOWN_ISSUES
567,https://www.facebook.com/NorthShoreExchange,https://www.facebook.com/northshoreexchange,8c20b91ec86dbb752377ced6c5c9f7e36322f62ae642e28fae5e3a385718233f,1,341,373,North Shore Exchange,partial-803,zero,134487760044439,0,0,true,,false,NO_KNOWN_ISSUES
568,https://www.facebook.com/CAMIANDJAX,https://www.facebook.com/camiandjax,8caccd24e666d182a3c274530a52acd2f80a573b3e65450c0ae619e94d83dd58,1,956,990,CAMI AND JAX,partial-803,zero,189192307954794,0,0,true,,false,NO_KNOWN_ISSUES
569,https://www.facebook.com/p/norivalsbrand-100091854441802,https://www.facebook.com/p/norivalsbrand-100091854441802,8cc36dfaacc6e361747617507e2e0522da594f44e5843cfd8f6ddda9792d6d9b,1,302,334,No Rivals,partial-803,positive,117007368037207,239,30,false,,false,NO_KNOWN_ISSUES
570,https://www.facebook.com/isabellakronfashion,https://www.facebook.com/isabellakronfashion,8d43fd102fee30768f83e9c9e37bbf7604be6ed8dd540dc2cb0d6b9a7e10da69,1,448,480,ISABELLA KRON,partial-803,positive,106458660818376,1,1,true,,false,NO_KNOWN_ISSUES
571,https://www.facebook.com/noragardnerapparel,https://www.facebook.com/noragardnerapparel,8d8f91f86b108955740b9a150096450d155959986d566d62a63761477fc5ba95,1,838,872,Nora Gardner,continuation-209,error,,,,,no_items,,
572,https://www.facebook.com/jadelynnbrooke,https://www.facebook.com/jadelynnbrooke,8d9175d79f5381e2b5e7055de02a04fc6968f1a4ccc37260211c6aed6a93d6a0,1,894,928,Jadelynn Brooke,partial-803,positive,758240547559826,59,29,false,,false,NO_KNOWN_ISSUES
573,https://www.facebook.com/voffhaus,https://www.facebook.com/voffhaus,8dd4cd752214f3abfdd35e8748a9af3e4a8ef1d5a878ed68d0b30074fed65288,1,699,733,Voff Haus,continuation-209,zero,603592779514619,0,0,true,,false,NO_KNOWN_ISSUES
574,https://www.facebook.com/pages/61573508854581,https://www.facebook.com/pages/61573508854581,8dfdcba7617f843c37501fe1362235ceabd1721c22a5c51114a9c3c558a65272,1,285,317,INFLOW Swimwear,continuation-209,error,,,,,no_items,,
575,https://www.facebook.com/evewearsleepwear,https://www.facebook.com/evewearsleepwear,8e48558dc487aa000c4426d79c8b6b6e7e83966be0111b895bbf5ef10f4adb82,1,525,558,Evewear,partial-803,zero,141632466473341,0,0,true,,false,NO_KNOWN_ISSUES
576,https://www.facebook.com/modernenvyapparel,https://www.facebook.com/modernenvyapparel,8e7dd7859afbe0f7f8a5677d97e94d6aa1817e43bada3e5e60ce571c03602a36,1,850,884,Modern Envy Apparel,partial-803,zero,708603375878797,0,0,true,,false,NO_KNOWN_ISSUES
577,https://www.facebook.com/Therabrand.co,https://www.facebook.com/therabrand.co,8e809489383929503ed912690d46712d653653cfb88afed2fd1c927bf666d8dd,1,93,94,Thera,partial-803,positive,104414751518951,77,30,false,,false,NO_KNOWN_ISSUES
578,https://www.facebook.com/likewear,https://www.facebook.com/likewear,8eaf864d37f37a57cd124c3eabfc66ef4a3163bac11d9583383d6ad5b62ace15,1,872,906,LikeWear,partial-803,zero,31121603280,0,0,true,,false,NO_KNOWN_ISSUES
579,https://www.facebook.com/a.lynndesign,https://www.facebook.com/a.lynndesign,8ef878489957f06ba6867945ac46f03ac9cac933861e6e88dd251d00742e31ea,1,1003,1037,A.Lynn,partial-803,zero,445255868973859,0,0,true,,false,NO_KNOWN_ISSUES
580,https://www.facebook.com/teamcocktail,https://www.facebook.com/teamcocktail,8f33b17ee3046ddfa27b9b95e228b9b27380b44cd90369786fada25ae6512a66,1,113,114,Team Cocktail,partial-803,zero,135800189785054,0,0,true,,false,NO_KNOWN_ISSUES
581,https://www.facebook.com/ftb.golf,https://www.facebook.com/ftb.golf,901c08828a01e59718caa62cefa5c23742ebddf17ee1421b2c12a02722fd09ec,1,504,537,FTB Golf,partial-803,positive,108849051613741,2,2,true,,false,NO_KNOWN_ISSUES
582,https://www.facebook.com/EastsideGolf,https://www.facebook.com/eastsidegolf,9036ef353d95c6039b389528a18f5f8c4d990881397e547409ae6f4675a1ec64,1,540,573,Eastside Golf,partial-803,positive,1927480767353355,34,30,false,,false,NO_KNOWN_ISSUES
583,https://www.facebook.com/norainuofficial,https://www.facebook.com/norainuofficial,9052ce57a89dd0d61fad930beae6e9536259ee1289e4c3f0c953972bc2f85705,1,344,376,NORA INU,partial-803,positive_empty,379130075806614,2,0,true,,false,NO_KNOWN_ISSUES
584,https://www.facebook.com/bellabelleshoes,https://www.facebook.com/bellabelleshoes,90549ea1738ca88c2eba9391f7d902ec7d15e5e6ea6401cd75f3ff25268b0249,1,974,1008,Bella Belle Shoes,partial-803,positive,233880336676255,66,30,false,,false,NO_KNOWN_ISSUES
585,https://www.facebook.com/jennabeehandmade,https://www.facebook.com/jennabeehandmade,905e776a99b555f8827cedb6e55fe4c9de3108b55272b81cf9d4a970a0e97ea3,1,436,468,Jenna Bee Handmade,partial-803,zero,917396128367458,0,0,true,,false,NO_KNOWN_ISSUES
586,https://www.facebook.com/mycloudstate,https://www.facebook.com/mycloudstate,9061b54ff77fb78ca42add1d2b2ae11c8560b075302da2b313fb2dcfe8755486,1,357,389,Cloudstate,partial-803,zero,592947830567384,0,0,true,,false,NO_KNOWN_ISSUES
587,https://www.facebook.com/10156059209583669,https://www.facebook.com/10156059209583669,911c1bfb580084a301a8c52a2e1903948ea0d2ed84725e3827afc1aab87761d1,1,1005,1039,Product of the North,continuation-209,error,,,,,no_items,,
588,https://www.facebook.com/Japangelesbrand,https://www.facebook.com/japangelesbrand,918dd7a48c16591a996853b4b8d0f34889583ab29bab16ac13b07ebcc0524d2f,1,439,471,Japangeles,partial-803,zero,207387449287409,0,0,true,,false,NO_KNOWN_ISSUES
589,https://www.facebook.com/avivawholesale,https://www.facebook.com/avivawholesale,91ff5f08171522abdf271fe549c565b9d247044f475c1a40246c45e41b354843,1,983,1017,AVIVA WHOLESALE INC,partial-803,zero,583425405097121,0,0,true,,false,NO_KNOWN_ISSUES
590,https://www.facebook.com/uniwigsonline/info,https://www.facebook.com/uniwigsonline/info,9202379549a901381354dc0f2563ade456034fb2c1f4cfe1fb7bec11ad9253bc,1,708,742,uniwigs,partial-803,zero,582604325124459,0,0,true,,false,NO_KNOWN_ISSUES
591,https://www.facebook.com/youngstownclothingco,https://www.facebook.com/youngstownclothingco,925a4bf9db6f21df5d9aaf931a5eaea18091006ab43d7e8677863443a0d8adc1,1,9,10,Youngstown Clothing Co.,partial-803,positive,1011247878914328,1,1,true,,false,NO_KNOWN_ISSUES
592,https://www.facebook.com/honeyswim,https://www.facebook.com/honeyswim,926702454ae773e174604f79a6021b75631f61a674fcfa88c8bfe8966aee563b,1,462,494,Honey Swim,continuation-209,positive,101114636284096,163,27,false,,false,NO_KNOWN_ISSUES
593,https://www.facebook.com/pages/Childrenchiccom/1379367195536456,https://www.facebook.com/pages/childrenchiccom/1379367195536456,92706fe555bdc1d6eb31fa75891dd9ae7e011b2dbe14c9d7448329482f6a5f55,1,819,853,Childrenchic,partial-803,positive,1379367195536456,28,28,true,,false,NO_KNOWN_ISSUES
594,https://www.facebook.com/shopmickeysgirl,https://www.facebook.com/shopmickeysgirl,93090b79a76eca51a541d2f520f34e494a0abb17399c68c2a7b0d3d04df685b9,1,164,165,MG Jewelry,partial-803,positive,130542420323656,20,20,true,,false,NO_KNOWN_ISSUES
595,https://www.facebook.com/Yesaet,https://www.facebook.com/yesaet,9319ba1daedab9cb3030f3e336959346e74cbda016263cc511febd9825fba1d0,1,11,12,YESAET,continuation-209,error,,,,,no_items,,
596,https://www.facebook.com/BETTERWITHAGE.CO,https://www.facebook.com/betterwithage.co,93a4f4f33912c5f1a160417ecef9e882bd0b47b4fdf719899c8259a5d76d51c9,1,623,656,*Better With Age,partial-803,zero,229038410846978,0,0,true,,false,NO_KNOWN_ISSUES
597,https://www.facebook.com/CombatCorner,https://www.facebook.com/combatcorner,93e527ccacf666652e50289e15e8ea4c2df883ab61317b7b2dfc322c5155b1a0,1,583,616,Combat Corner Professional,partial-803,positive,81474078270,125,30,false,,false,NO_KNOWN_ISSUES
598,https://www.facebook.com/DeuceBrand,https://www.facebook.com/deucebrand,9408518fdce4b8ecbf9b2dda1b70f06b74bb7eb1cb892c1d654b1720dfbf8b8a,1,937,971,Deuce Brand,partial-803,positive,193757452225,50,30,false,,false,NO_KNOWN_ISSUES
599,https://www.facebook.com/pinkolive,https://www.facebook.com/pinkolive,9425baaba157bed8835c6a130757f2e2c09a85743f8f1a7c04611d8667bb07d8,1,777,811,Pink Olive,partial-803,zero,48622272808,0,0,true,,false,NO_KNOWN_ISSUES
600,https://www.facebook.com/earnestsewnyc,https://www.facebook.com/earnestsewnyc,945c39f8b4e2ff777aa9df60e5032f64ed6e9cbef990008d09d73e1a7e2833d8,1,542,575,Earnest Sewn,partial-803,zero,259017756437,0,0,true,,false,NO_KNOWN_ISSUES
601,https://www.facebook.com/OtteNY,https://www.facebook.com/otteny,94a86a29bfd999066830ed731dae8daa19e7887cc7d6a452784442fea7aacf2b,1,830,864,OTTE NEW YORK,partial-803,zero,91863537504,0,0,true,,false,NO_KNOWN_ISSUES
602,https://www.facebook.com/laticoleathers,https://www.facebook.com/laticoleathers,94e7894aefb6ec9ac96f504c37aa708b9cf1ff38c647d37f7619757ace2e21e9,1,876,910,Latico Leathers,partial-803,positive,106868946012729,132,30,false,,false,NO_KNOWN_ISSUES
603,https://www.facebook.com/domandbomb,https://www.facebook.com/domandbomb,950183576765a136f59bd24b88af4a6cc902074cf10912b45951d37172b186ad,1,551,584,dom+bomb,continuation-209,zero,103775568899510,0,0,true,,false,NO_KNOWN_ISSUES
604,https://www.facebook.com/ellesthelabel,https://www.facebook.com/ellesthelabel,9559bf3af8274a8837f009e6fdc63ef40786c81f21d489834ee06cb47e44146f,1,533,566,ELLES,continuation-209,positive,642935572232621,21,21,true,,false,NO_KNOWN_ISSUES
605,https://www.facebook.com/comeauxcaps,https://www.facebook.com/comeauxcaps,9619589dae7a95402344e7f38bcef5cf47a22325d19bff43cdbe54862c2f26f4,1,942,976,Comeaux Caps,partial-803,zero,494785290655220,0,0,true,,false,NO_KNOWN_ISSUES
606,https://www.facebook.com/xenaworkwear,https://www.facebook.com/xenaworkwear,96258363ad4a27bb143afb5b32fa54c0b27249fa130d87fbbec68810f93dd8dc,1,691,725,Xena Workwear,partial-803,positive,418630832275682,18,18,true,,false,NO_KNOWN_ISSUES
607,https://www.facebook.com/jivathletics,https://www.facebook.com/jivathletics,96521d1e41f20f30c4049e2e806b6a99064dadf98b1236967746407bc980111b,1,435,467,JIV Athletics,continuation-209,positive,1649086748719579,16,16,true,,false,NO_KNOWN_ISSUES
608,https://www.facebook.com/babynoomie,https://www.facebook.com/babynoomie,96cd433ff33220a04e8339febef2c7e4c84d196603c42a444f32bc335289cd1f,1,636,669,Baby Noomie,partial-803,zero,730482580358002,0,0,true,,false,NO_KNOWN_ISSUES
609,https://www.facebook.com/wearenonetheless,https://www.facebook.com/wearenonetheless,96efc4dfd01c5492eb574de8451ad3e25c9522d5f02759b4ca3d572e922f9bd1,1,43,44,NONE•THELESS,partial-803,zero,104203892383838,0,0,true,,false,NO_KNOWN_ISSUES
610,https://www.facebook.com/jumpsuitstyle,https://www.facebook.com/jumpsuitstyle,970865b579f273986c6dc5f6530d307f0b6fc1a01d9a28bc20b94da7093a91c9,1,885,919,Ripley Rader,partial-803,zero,311795315897994,0,0,true,,false,NO_KNOWN_ISSUES
611,https://www.facebook.com/ownbosssupplyco,https://www.facebook.com/ownbosssupplyco,970ad8c6d47dbad9023a4ce639fd0fcf22e8e87b651d51afde7e708d7430c5c2,1,324,356,Own Boss Supply Co,continuation-209,positive,107137544510590,166,28,false,,false,NO_KNOWN_ISSUES
612,https://www.facebook.com/bornscumclothingco,https://www.facebook.com/bornscumclothingco,9747c8748b3d4ce38f0d4f07c9e2790a4773c942f765073f4ecededd739b9ed0,1,962,996,Born Scum,partial-803,positive,444450809032825,265,30,false,,false,NO_KNOWN_ISSUES
613,https://www.facebook.com/jeaniusjackets,https://www.facebook.com/jeaniusjackets,97817a5a9b6b05af0a19af71b1dd58138a6241c1a804c3f958b179710c12fd05,1,437,469,Jeanius Jackets,partial-803,zero,104500495732717,0,0,true,,false,NO_KNOWN_ISSUES
614,https://www.facebook.com/people/Bluecrest-Clothing/61571817200965,https://www.facebook.com/people/bluecrest-clothing/61571817200965,97debb372e96e0dcee37a63f088378737b88efc8d24700321c87bd17946d8d9c,1,271,303,Bluecrest Clothing,continuation-209,positive,462630866944564,46,30,false,,false,NO_KNOWN_ISSUES
615,https://www.facebook.com/people/Go-Outdoor-Nation/100089781911045,https://www.facebook.com/people/go-outdoor-nation/100089781911045,9832cb305f9b26549ddb1fbb15fa26ac1a5df9e99b448bc0c7ebdc8e2226e3fa,1,265,297,Outdoor Nation Unlimited,partial-803,zero,113366298322386,0,0,true,,false,NO_KNOWN_ISSUES
616,https://www.facebook.com/moanaluuofficial,https://www.facebook.com/moanaluuofficial,9855b854c6452230fcf5984cde0b918225e812b0b3a5e4b08c433862361bdfdb,1,367,399,MoAnA Luu,partial-803,zero,101680535138102,0,0,true,,false,NO_KNOWN_ISSUES
617,https://www.facebook.com/StrafeOuterwear,https://www.facebook.com/strafeouterwear,9899229f62261659fa7b2ad40da6bb3793fa018d2c321c6eb6f92ecf438d9563,1,125,126,Strafe Outerwear,partial-803,positive,103943949676758,3,3,true,,false,NO_KNOWN_ISSUES
618,https://www.facebook.com/marinamoscone,https://www.facebook.com/marinamoscone,9950326775cb44b873a48969ba7296634b559c1ad14b7556fe4e1230f7648c32,1,860,894,Marina Moscone,partial-803,zero,1507546886213733,0,0,true,,false,NO_KNOWN_ISSUES
619,https://www.facebook.com/Islandtribe2012,https://www.facebook.com/islandtribe2012,9a305eac2083b8bfbe0cafe3de447af4955aff6df0e5272032bac44161e9fb66,1,444,476,IslandTribe,partial-803,zero,284673354946653,0,0,true,,false,NO_KNOWN_ISSUES
620,https://www.facebook.com/Tropic-of-C-1418405131603013,https://www.facebook.com/tropic-of-c-1418405131603013,9a61d51a29acab87040220fd546fd27dc2deb079b1d048505d725748baffdf79,1,77,78,Tropic of C,partial-803,positive,1418405131603013,47,27,false,,false,NO_KNOWN_ISSUES
621,https://www.facebook.com/PFFlyers,https://www.facebook.com/pfflyers,9a79b8e10ed34b944010bf4130a7b979be63d673318db3346d6169ff5988ac6e,1,252,284,P.F. Flyers,partial-803,positive,182308431790534,78,30,false,,false,NO_KNOWN_ISSUES
622,https://www.facebook.com/AlignOrthoticsClinic,https://www.facebook.com/alignorthoticsclinic,9ab826c4ff6680f74a3e1c8635763f0f9b331de7236092d263efca31579957cb,1,998,1032,Align Custom Fit,continuation-209,error,,,,,no_items,,
623,https://www.facebook.com/skitheeast.net,https://www.facebook.com/skitheeast.net,9ab96de785c4180e4cdbe36b780613b795d8578eb07e4b17b40678dbad0830bf,1,744,778,Ski The East,partial-803,positive,51113666587,34,30,false,,false,NO_KNOWN_ISSUES
624,https://www.facebook.com/Miguelina-391551560102,https://www.facebook.com/miguelina-391551560102,9ad084daeae0b479f3ba87abc2668b1ab2fae86c67623b8ef9a6d3f6005ffa36,1,373,405,Miguelina Inc,partial-803,zero,391551560102,0,0,true,,false,NO_KNOWN_ISSUES
625,https://www.facebook.com/p/The-House-of-Leon-100089703575466,https://www.facebook.com/p/the-house-of-leon-100089703575466,9b105519e70a4e7729ed8a580c0e0f4350ef8b28d96a809485f7cb3906ae85e1,1,291,323,Leon Footwear,partial-803,positive,100293142974764,13,13,true,,false,NO_KNOWN_ISSUES
626,https://www.facebook.com/thepointsb02127,https://www.facebook.com/thepointsb02127,9b58d58441c7baf0b74d115f794a3cfa8affbffae6aaa91b237197402ba88604,1,94,95,The Point Clothing Lounge,partial-803,positive,101125739497258,6,6,true,,false,NO_KNOWN_ISSUES
627,https://www.facebook.com/petitepalomaofficial,https://www.facebook.com/petitepalomaofficial,9bcbc92e32776b1d05de1e1c9fa3d3481a07a9ed18b2df062fce2ddb31e85d0f,1,253,285,Petite Paloma,partial-803,positive,106140228908816,19,19,true,,false,NO_KNOWN_ISSUES
628,https://www.facebook.com/shopify,https://www.facebook.com/shopify,9bcd9c783c4ebe1c46991a401c3acc49ec6c76c07ac13850e5f40477c2a8171d,3,170|171|172,171|172|173,Social Threads|Berriez|Ike Behar Apparel and Design,partial-803,positive,20409006880,3132,30,false,,false,NO_KNOWN_ISSUES
629,https://www.facebook.com/KottonSpa.clothing,https://www.facebook.com/kottonspa.clothing,9be5baca82f10e79396f6496fc7692db683a0fb5a7855fe9620e3aa1121bfd94,1,419,451,KottonSpa™️,partial-803,positive,879005925294912,13,12,true,,false,NO_KNOWN_ISSUES
630,https://www.facebook.com/yathletics,https://www.facebook.com/yathletics,9c66bfe0ba047115668366a60a5328bcb3d8678ea0ad7ca37ab18c61fae3542c,1,13,14,Y Athletics Inc.,continuation-209,error,,,,,no_items,,
631,https://www.facebook.com/wearebraave.co,https://www.facebook.com/wearebraave.co,9cd17de7b026aecd37fea0ed34f57a95e1f4e319d7d59d8c102120710884f8bc,1,45,46,braave,partial-803,zero,1695528794020171,0,0,true,,false,NO_KNOWN_ISSUES
632,https://www.facebook.com/la.vie.apres.lamour,https://www.facebook.com/la.vie.apres.lamour,9cda5865c57aa3b27bbe2d1fac5c7e968c60be41759c44a4767db3f3f86a354b,1,415,447,la vie après l'amour,partial-803,zero,164928120801762,0,0,true,,false,NO_KNOWN_ISSUES
633,https://www.facebook.com/nycsaddlery,https://www.facebook.com/nycsaddlery,9cde0e76c8faaffe43ea6f166e4fbd60d556c8c71e9804b16f04df949381b588,1,335,367,Manhattan Saddlery,partial-803,zero,134914913224026,0,0,true,,false,NO_KNOWN_ISSUES
634,https://www.facebook.com/Kyrgies,https://www.facebook.com/kyrgies,9ce196a5e3077a9555142d21dde293a1080d4eeecb54068cc2e1cd0ca4269651,2,416|417,448|449,Kyrgies|Kyrgies,partial-803,positive,208367389649149,69,26,false,,false,NO_KNOWN_ISSUES
635,https://www.facebook.com/pages/French-Cuff-Boutique/159736372743,https://www.facebook.com/pages/french-cuff-boutique/159736372743,9d004924d4792f3ddab391ddc2f986958e72777965c129d6611370cc220e39af,1,809,843,French Cuff Boutique,partial-803,positive,159736372743,1,1,true,,false,NO_KNOWN_ISSUES
636,https://www.facebook.com/sahroo.official,https://www.facebook.com/sahroo.official,9d2116d8b49e40130ea37b13a3dfdcecd0cf084690a6ac6c99b514a841e33e58,1,201,204,sahroo,continuation-209,error,,,,,no_items,,
637,https://www.facebook.com/aquaallureco,https://www.facebook.com/aquaallureco,9d2a6cba4bb795a04fab15f8c53e0034ae145b6c2fffa9465f1e3d4233938bcb,1,651,684,Aqua Allure®,partial-803,zero,873426543049991,0,0,true,,false,NO_KNOWN_ISSUES
638,https://www.facebook.com/NEXIdentityInMotion,https://www.facebook.com/nexidentityinmotion,9dba01191af90d1093082f01b71300f7d0fbde32a82fbf2244b0bcc7f80a8522,1,351,383,NEX,partial-803,zero,369540800085762,0,0,true,,false,NO_KNOWN_ISSUES
639,https://www.facebook.com/GymGirlApparel,https://www.facebook.com/gymgirlapparel,9de1abacdf29a6f66481aacd8889af2d759f947064478595e59cd84bd8e3949c,1,480,512,"Gym Girl, Inc.",partial-803,zero,117498695005458,0,0,true,,false,NO_KNOWN_ISSUES
640,https://www.facebook.com/Tomahawkshades,https://www.facebook.com/tomahawkshades,9defdda750cbfcbebd4b7523b541c762a8eaf79e3906b3bf57b5a46cd161e2c7,1,715,749,Tomahawk Shades,partial-803,positive,131304900336493,10,10,true,,false,NO_KNOWN_ISSUES
641,https://www.facebook.com/alhayafashionbazar,https://www.facebook.com/alhayafashionbazar,9df4ad20f5d02c6216bd8c47ad8a319e46de2a7bb065e2469d65a320f5c72c04,1,662,695,Alhaya Fashion,partial-803,zero,110695265160235,0,0,true,,false,NO_KNOWN_ISSUES
642,https://www.facebook.com/ConfluenceRunning,https://www.facebook.com/confluencerunning,9e47543a146c2dbf58e4db6c90af421e8cc31163f967c2a3f035b37b182b4dfe,1,580,613,Confluence Running Company,partial-803,positive,448636031891657,15,15,true,,false,NO_KNOWN_ISSUES
643,https://www.facebook.com/BluffWorks,https://www.facebook.com/bluffworks,9e71aad57081ed288999e03f9271728cef486861361713ec25960097b26966f2,1,614,647,Bluffworks,continuation-209,positive,301871533235473,14,14,true,,false,NO_KNOWN_ISSUES
644,https://www.facebook.com/doublewoodus,https://www.facebook.com/doublewoodus,9ed102276a133b2d59111c926261d10fd581c748e0a62fa00792d8a3937995a7,1,549,582,Doublewood Denim,continuation-209,zero,184867271677678,0,0,true,,false,NO_KNOWN_ISSUES
645,https://www.facebook.com/happinessisinc,https://www.facebook.com/happinessisinc,9f5ab45885e83e9692cddfa49ea7b09056e4d19a2b1ba005cf17879596a6e5d0,1,908,942,Happiness Is Inc.,partial-803,zero,1843712419184929,0,0,true,,false,NO_KNOWN_ISSUES
646,https://www.facebook.com/uvskinz,https://www.facebook.com/uvskinz,a00524790be8ca002b60206d313daa7f931d7a691d09ddff4b360d44f743378d,1,63,64,"UV Skinz, Inc.",continuation-209,positive,299265318433,280,30,false,,false,NO_KNOWN_ISSUES
647,https://www.facebook.com/TheBatikLibrary,https://www.facebook.com/thebatiklibrary,a00cf49912923f02dd18383101e3b63903e16fd12e3a5c6af220b1f3b5f92eb0,1,106,107,The Batik Library,partial-803,zero,103275585061855,0,0,true,,false,NO_KNOWN_ISSUES
648,https://www.facebook.com/LegacyKnittingLK,https://www.facebook.com/legacyknittinglk,a05168ae3b348a881ceca362c467293ef0571fd662d4eeffedabbc348face726,1,406,438,Legacy Knitting,partial-803,zero,108058884667125,0,0,true,,false,NO_KNOWN_ISSUES
649,https://www.facebook.com/meybaofficial,https://www.facebook.com/meybaofficial,a08cb59554035077174cf40bfea1760ec31a7dd60d678f1a3dc776981eb09b53,1,375,407,MEYBA,partial-803,positive,656272337793984,62,30,false,,false,NO_KNOWN_ISSUES
650,https://www.facebook.com/alwaystrophyhunting,https://www.facebook.com/alwaystrophyhunting,a0a905934f66b7a42864b3ca3d517e9f34d7cbd0890ac43a71415caee57192b6,1,657,690,TROPHY HUNTING LLC.,partial-803,positive,107351660637901,5,5,true,,false,NO_KNOWN_ISSUES
651,https://www.facebook.com/perrycoshoes,https://www.facebook.com/perrycoshoes,a1449a0de7faa90ddf10c2cdb1eb802727e0e06eb44b3803c9aca4b53381f34a,1,256,288,PerryCo Shoes,continuation-209,zero,1903725623200634,0,0,true,,false,NO_KNOWN_ISSUES
652,https://www.facebook.com/vertetvogue,https://www.facebook.com/vertetvogue,a14a1cfb7303ab8736d8700bb6f51591562fa870b4d132dca06a39227c1fe508,1,706,740,Vert & Vogue,continuation-209,error,,,,,no_items,,
653,https://www.facebook.com/bodygraffitishop,https://www.facebook.com/bodygraffitishop,a14bd1f3766074f04d8a5b228dc425fa98f102a90143a56fed8ec3c411aae513,1,611,644,Body Graffiti USA,partial-803,zero,640785619418778,0,0,true,,false,NO_KNOWN_ISSUES
654,https://www.facebook.com/pages/Belong-Designs-LLC/177825769019311,https://www.facebook.com/pages/belong-designs-llc/177825769019311,a1b07f4d15a16d70252cb476057a9e77f47ad4bb02a17a1f6d752420707cb7da,1,822,856,Belong Designs,partial-803,positive,177825769019311,2,2,true,,false,NO_KNOWN_ISSUES
655,https://www.facebook.com/pages/Boutique-TAG/337623726258006,https://www.facebook.com/pages/boutique-tag/337623726258006,a1e1ec5bccbc015f4765d7863c4862207dded5b3795571e20419ed35b50da43e,1,821,855,BOUTIQUE TAG,partial-803,zero,337623726258006,0,0,true,,false,NO_KNOWN_ISSUES
656,https://www.facebook.com/shirtstoputah,https://www.facebook.com/shirtstoputah,a2665b109a713c08da0702de0820a87ed9720d208efb6cabdf344385e06b48ec,1,188,189,The Shirt Stop | Screen Printing & Embroidery,partial-803,zero,128110560606979,0,0,true,,false,NO_KNOWN_ISSUES
657,https://www.facebook.com/yumikimshop,https://www.facebook.com/yumikimshop,a2a50b7db4eae8fdabdbb3f6f104b0dea87900e31a45c9b6954543acb44324bd,1,8,9,Yumi Kim,partial-803,positive,86890824053,15,15,true,,false,NO_KNOWN_ISSUES
658,https://www.facebook.com/NoManWalksAlone,https://www.facebook.com/nomanwalksalone,a2c96e3726747c3e65f463777beadc2021f3d6281ff3e470bbf5f731f0f8efe9,1,839,873,No Man Walks Alone,partial-803,positive,314698921973373,34,30,false,,false,NO_KNOWN_ISSUES
659,https://www.facebook.com/piecesassembled,https://www.facebook.com/piecesassembled,a2d34c19f5510a56f745a7dd070b66822aceca7e810ebda91e734c9f911f7389,1,778,812,pieces assembled inc.,partial-803,zero,519918914546472,0,0,true,,false,NO_KNOWN_ISSUES
660,https://www.facebook.com/CALIStrongUSA,https://www.facebook.com/calistrongusa,a2dfbbcb35b82ce53d96f4fbd368bb35e2817bf938fd71bc93ea72aee91ecf57,1,599,632,CALI Strong Inc - The California Sports Company,partial-803,zero,267853866706329,0,0,true,,false,NO_KNOWN_ISSUES
661,https://www.facebook.com/heavenly.essentials.us,https://www.facebook.com/heavenly.essentials.us,a2e15aa98dacdc81bedd8f844815e6dab2757217a70372e5263b5709320c19cc,1,470,502,Heavenly Essentials,partial-803,zero,523106430881106,0,0,true,,false,NO_KNOWN_ISSUES
662,https://www.facebook.com/attickoncept,https://www.facebook.com/attickoncept,a2e5bf8dfdf1c44588e612ddd519854acd5cc37e0524950325c9592a20b21156,1,986,1020,Attic Koncept,partial-803,error,,,,,no_items,,
663,https://www.facebook.com/stylestsystem,https://www.facebook.com/stylestsystem,a3b4c597dc7c28f98336050f0396d823e352d817e4512a1867565b49d6b17745,1,122,123,STYLEST,partial-803,positive,104687738771111,81,29,false,,false,NO_KNOWN_ISSUES
664,https://www.facebook.com/EnvyByAlanEaton,https://www.facebook.com/envybyalaneaton,a3c89e1d58b43f14a0faad755095952b9b185d8a938982aa321a08aeea95d6ca,1,528,561,ENVY by Alan Eaton,partial-803,zero,294669487332150,0,0,true,,false,NO_KNOWN_ISSUES
665,https://www.facebook.com/mademobb,https://www.facebook.com/mademobb,a3de7de998ea58c8d1c7accae9fcdd385b97867087568feab51e201a82c3dff7,1,866,900,MADE MOBB,partial-803,positive,461447090570757,5,5,true,,false,NO_KNOWN_ISSUES
666,https://www.facebook.com/shopcartolina,https://www.facebook.com/shopcartolina,a42d0d3a75650a908c8f11a1bf3b27f4c3439026b0fa3ebb98d55d906797ce26,1,177,178,Cartolina,partial-803,positive,106305328667606,33,30,false,,false,NO_KNOWN_ISSUES
667,https://www.facebook.com/crushboutique,https://www.facebook.com/crushboutique,a43deea07c86826f9f7f82d77a744d17f620568d46c02b12d30df8ccdeeb58b3,1,571,604,Crush Boutique,partial-803,zero,11694488413,0,0,true,,false,NO_KNOWN_ISSUES
668,https://www.facebook.com/getpatchmarks,https://www.facebook.com/getpatchmarks,a448c6f5e160280abf987bcf52d22e6d1d9311241610d54f65126a1fcebf12f5,1,492,525,Patchmarks,partial-803,zero,1031819573571846,0,0,true,,false,NO_KNOWN_ISSUES
669,https://www.facebook.com/allmadeapparel,https://www.facebook.com/allmadeapparel,a4dc609bf83479b7567f62688be72f1f82edd3b53f0ab66ebc217f66f00e6255,1,659,692,Allmade Apparel,partial-803,zero,725481377599490,0,0,true,,false,NO_KNOWN_ISSUES
670,https://www.facebook.com/wanderruffsupplyco,https://www.facebook.com/wanderruffsupplyco,a4e95386607ff90a2cb52e87a385758addd81324358099a1f6070c6078b09352,1,49,50,Wanderruff,partial-803,zero,109090007647565,0,0,true,,false,NO_KNOWN_ISSUES
671,https://www.facebook.com/montauktackle,https://www.facebook.com/montauktackle,a521636c883f0865d67c4744089de23e3c47973da816e1b587e94b44c5fc9710,1,848,882,Montauk Tackle Company,partial-803,positive,77612148266,62,30,false,,false,NO_KNOWN_ISSUES
672,https://www.facebook.com/BisonTrackGear,https://www.facebook.com/bisontrackgear,a5d10a0becb71c467e7887f0f16436af0bebd8a2d5d9ed10c1ed6cf19fd03695,1,618,651,Bison,partial-803,positive,237776106904165,14,14,true,,false,NO_KNOWN_ISSUES
673,https://www.facebook.com/vincentpeachofficial,https://www.facebook.com/vincentpeachofficial,a5e87dd016ef71eff2f4da226b47906ae84d96ac06c8935eea7db3a297735675,1,702,736,Vincent Peach,partial-803,zero,359895257372243,0,0,true,,false,NO_KNOWN_ISSUES
674,https://www.facebook.com/SteadyClothing,https://www.facebook.com/steadyclothing,a6037abc076f5b815aa06feb2d110f5c192c82129f1099b23bc1915292399e34,1,131,132,Steady Clothing,partial-803,zero,75311592477,0,0,true,,false,NO_KNOWN_ISSUES
675,https://www.facebook.com/seatsquare,https://www.facebook.com/seatsquare,a61889b251bbeacf5ef48c55196d16d2e2d4725ea263a322402fd019ac6b0b4a,1,194,195,Seatsquare,partial-803,positive,109037978687025,1,1,true,,false,NO_KNOWN_ISSUES
676,https://www.facebook.com/livekolibri,https://www.facebook.com/livekolibri,a64836892731b81f6b18a4c86e42a094e060e2c25fcfe9b05060bfe63a9d3474,1,398,430,Kolibri,partial-803,zero,177957012057738,0,0,true,,false,NO_KNOWN_ISSUES
677,https://www.facebook.com/dogjoylove,https://www.facebook.com/dogjoylove,a69b428edde3be3507c4c1301ba2b9c69ed42e5c4a89d13ac79a723026a4a12c,1,552,585,DogJoy.Love,partial-803,zero,101695576121000,0,0,true,,false,NO_KNOWN_ISSUES
678,https://www.facebook.com/sentaler,https://www.facebook.com/sentaler,a6d5ef547a4a37c763225ee4c173fc3dd02918ab5f9a2cbb91f72564713eedaf,1,759,793,SENTALER,partial-803,zero,141635105859784,0,0,true,,false,NO_KNOWN_ISSUES
679,https://www.facebook.com/groverrad,https://www.facebook.com/groverrad,a74a2bf0845c675b88346581aaee78c3b0fcc39043f9dc8e6bf5a32dde1736d6,1,482,514,Grover Rad,partial-803,zero,100415855952944,0,0,true,,false,NO_KNOWN_ISSUES
680,https://www.facebook.com/WildflowerCases,https://www.facebook.com/wildflowercases,a752ff948331868ee4b5cc76780f6ad7fe1a677be8ae11fdd1c6b194de7654a3,1,693,727,Wildflower Cases,partial-803,zero,215599945220481,0,0,true,,false,NO_KNOWN_ISSUES
681,https://www.facebook.com/AmericanTrench,https://www.facebook.com/americantrench,a7591eb3266fde6247a367e0d1d6eb99c23fa39b34247764c32729914c2a509c,1,992,1026,American Trench,partial-803,positive,349596571815175,75,30,false,,false,NO_KNOWN_ISSUES
682,https://www.facebook.com/davidalanclothing,https://www.facebook.com/davidalanclothing,a7c17454cd79f5ed590ab3e5dab0052b10791506b92c117ab481d4108ad69cff,1,563,596,David Alan Clothing,partial-803,positive,541580526018971,15,15,true,,false,NO_KNOWN_ISSUES
683,https://www.facebook.com/azusasafety,https://www.facebook.com/azusasafety,a7f6b0912b892f68582d5694c22a3248774bd15093b66330f5d7b8255caf82e6,1,981,1015,Azusa Safety,partial-803,zero,214724985288935,0,0,true,,false,NO_KNOWN_ISSUES
684,https://www.facebook.com/businessnotbullets,https://www.facebook.com/businessnotbullets,a823ffbda6aabb2b708aaad8d6b9a0ed36ab29589c68d268e49f22beb970990f,1,958,992,Combat Flip Flops,continuation-209,error,,,,,no_items,,
685,https://www.facebook.com/moonshaft,https://www.facebook.com/moonshaft,a84540b4205337d1dc0af445ec420e75609e1c30375533d0516628ff964aea52,1,362,394,Moonshaft,partial-803,positive,107649157238486,136,30,false,,false,NO_KNOWN_ISSUES
686,https://www.facebook.com/nosolobrand,https://www.facebook.com/nosolobrand,a84fbb089c115a5fa99e68544878bba9f5e5f63c20283f467e4debc551093ea2,1,340,372,NOSOLO,partial-803,zero,104892625094482,0,0,true,,false,NO_KNOWN_ISSUES
687,https://www.facebook.com/shopgoldengems,https://www.facebook.com/shopgoldengems,a85400a40531e8f4459c021ae42ed3e799f4566848cc58cc73ee179588bdc1ed,1,754,788,Golden Gems,partial-803,positive,1670662849865863,1,1,true,,false,NO_KNOWN_ISSUES
688,https://www.facebook.com/TheCloseoutConnection,https://www.facebook.com/thecloseoutconnection,a8c6275dd3deb69d56f664591a0820a525fa824d6fcf84c799f08cbb8195cfca,1,726,760,Closeout Connection,continuation-209,zero,269461123172211,0,0,true,,false,NO_KNOWN_ISSUES
689,https://www.facebook.com/hopeandmaybyron,https://www.facebook.com/hopeandmaybyron,a8e6d2d7a958085f41d88a287d0be57c35ae14486a6da128c3755af0ae1cade9,1,903,937,HOPE AND MAY,continuation-209,error,,,,,no_items,,
690,https://www.facebook.com/shopocio,https://www.facebook.com/shopocio,a905faaaa6e8654dab870e2f95f236f51716a09dbfc57989e503fe97d7090443,1,752,786,Ocio Leisurewear,partial-803,zero,464551220322014,0,0,true,,false,NO_KNOWN_ISSUES
691,https://www.facebook.com/Kraywoodseyewear,https://www.facebook.com/kraywoodseyewear,a9204a6f638c9d681cbd151c7b9a8d036aa67f2a38a96b98cf6c3e57e3aa2489,1,418,450,Kraywoods Eyewear,partial-803,positive,1229805997116858,1,1,true,,false,NO_KNOWN_ISSUES
692,https://www.facebook.com/iambic.co,https://www.facebook.com/iambic.co,a9255b6eb29b224f6042702e9090ef02d70c61f2bb2c45795ca84799305044d5,1,901,935,IAMBIC,partial-803,positive,103500528591585,3,3,true,,false,NO_KNOWN_ISSUES
693,https://www.facebook.com/skeletonhdco,https://www.facebook.com/skeletonhdco,a961645f688d8451bbe8ccbfe13ced2c96c88f0d46d8448d2658be364e5825c2,1,152,153,SkeletonHD Inc,partial-803,positive,1659718510953922,180,30,false,,false,NO_KNOWN_ISSUES
694,https://www.facebook.com/partoem,https://www.facebook.com/partoem,a9783489aa6dfeed0d0ef4714361c1f78045b91206a8a897fcc0938da98daf81,1,1008,1042,Partoem,partial-803,zero,962814267172170,0,0,true,,false,NO_KNOWN_ISSUES
695,https://www.facebook.com/BIKINICRUSHSWIMWEAR,https://www.facebook.com/bikinicrushswimwear,a9cd5609d75b45f1cdc2d0c98202f8a538017ef052305a120971ce9fbe3dab5f,1,972,1006,Bikini Crush Swimwear,partial-803,positive,142403055903890,38,30,false,,false,NO_KNOWN_ISSUES
696,https://www.facebook.com/1800tshirts,https://www.facebook.com/1800tshirts,ab3d7c33d621a8825b5e5e841889ffbffafe0373cb9ca95a7d6b5f14f5e919aa,1,681,714,1-800-TShirts,partial-803,zero,101578931672006,0,0,true,,false,NO_KNOWN_ISSUES
697,https://www.facebook.com/kissakidswear,https://www.facebook.com/kissakidswear,ab4d53f45caf314e6f2b6c2abb1918c7adc060cb80af466f5d2d2e22d0d708bf,1,422,454,Kissa Kids Wear,partial-803,positive,691940460677728,1,1,true,,false,NO_KNOWN_ISSUES
698,https://www.facebook.com/DuckHeadApparel,https://www.facebook.com/duckheadapparel,abd4f8b3c7cee404f719b2640fe63c99de586cbf5d86ff87569ad039a5506dc5,1,544,577,Duck Head Apparel,continuation-209,positive,209660472403888,36,30,false,,false,NO_KNOWN_ISSUES
699,https://www.facebook.com/shred.dog.gear,https://www.facebook.com/shred.dog.gear,ac39579e8a658d9ddb2286f74c536807b53064493c240a74e12b1a8c1d6e2551,1,747,781,AKOVA,continuation-209,error,,,,,no_items,,
700,https://www.facebook.com/bagnetcompany,https://www.facebook.com/bagnetcompany,ac74e3721f8f325bd4cd6e99ec1bdda54e1052d1eded04e02fc4b8f33e6b505e,1,978,1012,Bagnet Company LLC,partial-803,positive,623763664419076,17,17,true,,false,NO_KNOWN_ISSUES
701,https://www.facebook.com/bleusalt,https://www.facebook.com/bleusalt,ac9dba330e9462bf90e3816559e69dde189fa0dfd0846bb9d9987ff81851569c,1,969,1003,Bleusalt,partial-803,positive,1772328263010659,114,30,false,,false,NO_KNOWN_ISSUES
702,https://www.facebook.com/p/S%C3%B8nderhaus-100089243313722,https://www.facebook.com/p/s%c3%b8nderhaus-100089243313722,acb7d7657b93b7b60237942f572b4e72090ab0aae1b5f4b5b6b602b94c6ab4f7,1,295,327,Sønderhaus,partial-803,positive,102397126077506,28,28,true,,false,NO_KNOWN_ISSUES
703,https://www.facebook.com/ISEASUNGLASSES,https://www.facebook.com/iseasunglasses,ad25c144c9a9f988501e402e45db48145fa3c5d6ccb16329489f1b35efe023d9,1,447,479,I-SEA SUNGLASSES,partial-803,zero,453630218359983,0,0,true,,false,NO_KNOWN_ISSUES
704,https://www.facebook.com/comunitymade,https://www.facebook.com/comunitymade,ad5a2e3d6e1e5142fd99de4f61b823f278752f654dd16414bae6c64c2523e0ed,1,581,614,"COMUNITYmade, INC",partial-803,zero,907158992760258,0,0,true,,false,NO_KNOWN_ISSUES
705,https://www.facebook.com/wearform,https://www.facebook.com/wearform,ad9e0f50566906696ea66c03c272c638516a6b0e7dec9f7e4a1fcdf732ae5ce2,1,40,41,WearForm,partial-803,zero,134603296592147,0,0,true,,false,NO_KNOWN_ISSUES
706,https://www.facebook.com/thefinerthings1920,https://www.facebook.com/thefinerthings1920,add5f3d3c80a7f59ac097fc4b398622a3c2d00493105df25988eba2e874e6be6,1,102,103,The Finer Things 1920®️,partial-803,zero,493491934369119,0,0,true,,false,NO_KNOWN_ISSUES
707,https://www.facebook.com/vibaeofficial,https://www.facebook.com/vibaeofficial,adf94f1425a7fdf145dbd9d7d064d814ef74f46319655a907a25680b30f8fd52,1,705,739,VIBAe,partial-803,positive,113514923415935,658,30,false,,false,NO_KNOWN_ISSUES
708,https://www.facebook.com/MargaretRoweCouture,https://www.facebook.com/margaretrowecouture,ae24ec9b45d870484e16643af70ce1abc75ae461da56cc524350e236c96c606d,1,384,416,Margaret Rowe Vintage Couture,partial-803,zero,260208718801,0,0,true,,false,NO_KNOWN_ISSUES
709,https://www.facebook.com/HKARMYCLOTHING,https://www.facebook.com/hkarmyclothing,ae4407ef8e2845565eef3f01840379498039541b3dd627c8149e5f9914e3a771,1,464,496,HK Army Inc,partial-803,zero,87649165037,0,0,true,,false,NO_KNOWN_ISSUES
710,https://www.facebook.com/p/RENEN-100064149938158,https://www.facebook.com/p/renen-100064149938158,ae45c47c48fa83260a15e9141d6297f315f2ea7b97625eae437fd2cfcca91abf,1,298,330,RENEN,partial-803,positive,110248920802670,6,6,true,,false,NO_KNOWN_ISSUES
711,https://www.facebook.com/daniellashevel,https://www.facebook.com/daniellashevel,ae8a011b2f14b08f322d39c41401cbf1c20d6652d43669378dfa54dee5c1d2f0,1,567,600,DANIELLA SHEVEL,partial-803,positive,1906804942936981,23,23,true,,false,NO_KNOWN_ISSUES
712,https://www.facebook.com/shopstitchyfish,https://www.facebook.com/shopstitchyfish,aea72653b900d3129e2ec8729507b739c2378d830103b702593d6d865273f575,1,160,161,Stitchy Fish,continuation-209,error,,,,,no_items,,
713,https://www.facebook.com/pages/Pipiripau/116657355065729,https://www.facebook.com/pages/pipiripau/116657355065729,b00f11c91fd56dce3dc4ccf3b14a3d7ae564ea7a86bed82fb7f6bebf210e2414,1,795,829,Pipiripau,partial-803,zero,116657355065729,0,0,true,,false,NO_KNOWN_ISSUES
714,https://www.facebook.com/lowcountrygrit,https://www.facebook.com/lowcountrygrit,b0440acb03510ad707065c1673081f130eaf4535135f8eab0c6eda37b814ac91,1,392,424,Low Country Grit,continuation-209,zero,550449384821547,0,0,true,,false,NO_KNOWN_ISSUES
715,https://www.facebook.com/teamltdeu,https://www.facebook.com/teamltdeu,b0c8bca13aea88d98de222d86804c46dd52787c6a80e32b2d567f057ff521a41,1,727,761,TEAMLTD,continuation-209,error,,,,,no_items,,
716,https://www.facebook.com/showerspass,https://www.facebook.com/showerspass,b0ea7d06e9e03f3012126d8d641e64a8f07bf12c40df54c2f18e99614691d8fa,1,748,782,Showers Pass,partial-803,zero,206898826873,0,0,true,,false,NO_KNOWN_ISSUES
717,https://www.facebook.com/LittleSkyStone,https://www.facebook.com/littleskystone,b19d2f31cd4e515a23d6fcf6622982e53d1abf0fd54a1d5d8f1f0b6d923e18f9,1,399,431,Little Sky Stone Jewelry,partial-803,positive,350210105178010,24,24,true,,false,NO_KNOWN_ISSUES
718,https://www.facebook.com/p/Aces-Wilder-100086997938413,https://www.facebook.com/p/aces-wilder-100086997938413,b1f3ebafa03c45639f9db83733d79389c35b68b475cc7aa25ae8807bae9279ca,1,322,354,Aces Wilder,continuation-209,positive,106461935588497,14,14,true,,false,NO_KNOWN_ISSUES
719,https://www.facebook.com/lanamarkspb,https://www.facebook.com/lanamarkspb,b292746a194c38d7824cf2da24a2ef5dd6458629493301db3624b8bb3d30e646,1,411,443,LANA MARKS,partial-803,zero,132424235297,0,0,true,,false,NO_KNOWN_ISSUES
720,https://www.facebook.com/JustDeuceIt,https://www.facebook.com/justdeuceit,b322969a2082cfab3f5b2c32038dacc89bc7f3ca6715db19f191cf75881929db,1,883,917,Deuce Shirts,continuation-209,error,,,,,no_items,,
721,https://www.facebook.com/pages/Cordani/171777510670,https://www.facebook.com/pages/cordani/171777510670,b332a6db6bb04a1cae38d79fae02abcc26b6c1fe702f76d86365a23c699780e9,1,818,852,CORDANI INC,partial-803,positive,171777510670,38,30,false,,false,NO_KNOWN_ISSUES
722,https://www.facebook.com/ShineTheLightOn,https://www.facebook.com/shinethelighton,b33b6fcfbc8266f0b0b6491e3e019a5ca6acf1c234d39c4c0429d4c19f9f56f3,1,189,190,Shine The Light On,partial-803,zero,994062373960878,0,0,true,,false,NO_KNOWN_ISSUES
723,https://www.facebook.com/emilyspillowofficial,https://www.facebook.com/emilyspillowofficial,b3837af207c4a2f79ab9f4724a379d13d3550bee14117a0aa449e9eb98eb2866,1,529,562,Emily's Pillow,partial-803,positive,111349443786463,212,30,false,,false,NO_KNOWN_ISSUES
724,https://www.facebook.com/pages/Dakini/35042455689,https://www.facebook.com/pages/dakini/35042455689,b3efeffcf1c8ebc8832818f257a690d194f64919a93e9e3f10896baf063743c6,1,817,851,"Dakini, LLC",partial-803,positive,35042455689,28,28,true,,false,NO_KNOWN_ISSUES
725,https://www.facebook.com/wearshepherds,https://www.facebook.com/wearshepherds,b3fa6eb4e9e1fef195bde64d68c9dfe73e2a49877277f45c9de19dacdec2931b,1,35,36,Shepherd’s,partial-803,zero,115578634776242,0,0,true,,false,NO_KNOWN_ISSUES
726,https://www.facebook.com/santandabel,https://www.facebook.com/santandabel,b41baefd2a940a58ec8ba1d9c3de59f09fe60f4b45abb75fc35f0f244fef80a3,1,764,798,Sant and Abel,partial-803,positive,187466994651777,40,30,false,,false,NO_KNOWN_ISSUES
727,https://www.facebook.com/foreallgolfclub,https://www.facebook.com/foreallgolfclub,b451d52dc297124ac0de44f886603018466289960659cdc889247172ca45c4b0,1,509,542,Fore All Club,partial-803,positive,111359447874732,77,26,false,,false,NO_KNOWN_ISSUES
728,https://www.facebook.com/gogentlynationofficial,https://www.facebook.com/gogentlynationofficial,b48c8bda7fbe8c34c4ed9a8909215ef9e0753356c617062b7cd96460bea7ac48,1,487,520,Go Gently Nation,partial-803,zero,176801874701,0,0,true,,false,NO_KNOWN_ISSUES
729,https://www.facebook.com/nicebrandco,https://www.facebook.com/nicebrandco,b4daa3b0c9e0ce77193b1e7995d338de71fb97b6fc7dd6b0058671b7461d8a0c,1,842,876,Nice Brand,partial-803,positive,583194984875572,47,30,false,,false,NO_KNOWN_ISSUES
730,https://www.facebook.com/people/Santo-Studio/61557491131184,https://www.facebook.com/people/santo-studio/61557491131184,b4fdbbe59a221eeb1afc5c21cecd0dd54dff8794baf77b243982395890ed006b,1,258,290,SANTO STUDIO,partial-803,positive,268825699643141,72,30,false,,false,NO_KNOWN_ISSUES
731,https://www.facebook.com/bubblebags.freshheadies,https://www.facebook.com/bubblebags.freshheadies,b534de07cbba0bbb87ab8fa444ed4f8d1fc84c4f80f1b42dbe0d8035bee1a633,1,603,636,Fresh Headies,partial-803,zero,101993363182979,0,0,true,,false,NO_KNOWN_ISSUES
732,https://www.facebook.com/thevvs,https://www.facebook.com/thevvs,b561c251939b14d3dcfece52895a025e0de9a7cc862541e3ee7fea922399dfcd,1,718,752,The VVS LTD,partial-803,positive,105876087661001,26,26,true,,false,NO_KNOWN_ISSUES
733,https://www.facebook.com/pages/Spectrum-Of-Life/358746560955328,https://www.facebook.com/pages/spectrum-of-life/358746560955328,b57599b5724eaf85966951cbf5e11df2c69108ab025be8600718b7e24adfe4bf,1,786,820,Savette,continuation-209,error,,,,,no_items,,
734,https://www.facebook.com/oafnationactual,https://www.facebook.com/oafnationactual,b64480134508e7f5ce6dc05c507a41339e2914513fa645e1f376a96fb80e5b16,1,334,366,OAF Nation Inc,partial-803,positive,1006457276057325,9,9,true,,false,NO_KNOWN_ISSUES
735,https://www.facebook.com/Oax-Design-100991991564611,https://www.facebook.com/oax-design-100991991564611,b68ea9cc681067aa342884218e2f5902bfe5ad58d4cc0e5c5bc74a9c1cdf5efe,1,333,365,Oax Design,continuation-209,zero,100991991564611,0,0,true,,false,NO_KNOWN_ISSUES
736,https://www.facebook.com/people/Zephan-Parker/61576175744350,https://www.facebook.com/people/zephan-parker/61576175744350,b6edb1423b2c2e7b99a9c13372a4c28c43c6a58faf681f5fc1cbc17740575d9c,1,1026,1060,Zephan Parker | Parker Boot Company,continuation-209,error,,,,,no_items,,
737,https://www.facebook.com/CharlotteMaxDesigns,https://www.facebook.com/charlottemaxdesigns,b6f54d906e3cd663636af974055bdd41c916525f82a30565d8553752f1ffb9d1,1,592,625,Charlotte Max Designs,partial-803,zero,658446570837478,0,0,true,,false,NO_KNOWN_ISSUES
738,https://www.facebook.com/timroongroup,https://www.facebook.com/timroongroup,b754d708c57fab0ea9c9d4a6502349b6715456c0378a70c336368a6a9ecf9275,1,86,87,The Timroon Group,partial-803,zero,1393385614312298,0,0,true,,false,NO_KNOWN_ISSUES
739,https://www.facebook.com/ParkProvince,https://www.facebook.com/parkprovince,b75a05b82accde47aa824f2c20261e2a10bbaab09547d74b5dd79facd4000779,1,779,813,Park & Province,partial-803,zero,404315009677262,0,0,true,,false,NO_KNOWN_ISSUES
740,https://www.facebook.com/duvindesign,https://www.facebook.com/duvindesign,b76f68a96dc7f087623a35b8669def0c1fb83a12e195ac0935a74abb47cc087c,1,930,964,Duvin Design Company,continuation-209,positive,136336424200,69,28,false,,false,NO_KNOWN_ISSUES
741,https://www.facebook.com/FoodiePages.ca,https://www.facebook.com/foodiepages.ca,b77a40454114eb66dfeb89e2732c5c4070de8f2ea9dca1ea1f64ecfe3d331c1b,1,510,543,&OR Collective,partial-803,zero,142574245753507,0,0,true,,false,NO_KNOWN_ISSUES
742,https://www.facebook.com/pages/Banda-Bags/277266615785076,https://www.facebook.com/pages/banda-bags/277266615785076,b80359bda4293c9a03ede28466790f1609ca231366c75616e4e20a9b5ec6fe0c,1,823,857,Banda Bags,partial-803,positive,277266615785076,2,2,true,,false,NO_KNOWN_ISSUES
743,https://www.facebook.com/jessleaboutique,https://www.facebook.com/jessleaboutique,b818487fd1ca427dcfd5f42f92f40a6af88590587c19142deaa82d697f7b3e3a,1,889,923,JESS LEA,continuation-209,error,,,,,no_items,,
744,https://www.facebook.com/shop.west.main,https://www.facebook.com/shop.west.main,b8566db69820e9277224edcd3421df5975d4f323528faa923a985d48b6246a35,1,184,185,Shop West Main,partial-803,zero,104211737636951,0,0,true,,false,NO_KNOWN_ISSUES
745,https://www.facebook.com/profile.php?id=100089762379713,https://www.facebook.com/profile.php?id=100089762379713,b8814957c7a4cb99715fc930235e323643ff23e74af8682eda9f1658c0e0dfb8,1,236,239,The Custom Shop Clothiers,partial-803,zero,153119844703441,0,0,true,,false,NO_KNOWN_ISSUES
746,https://www.facebook.com/WalkaboutCo,https://www.facebook.com/walkaboutco,b9d5ce0006dab77c17829e09b7063c9aae1cc6da190fc236e112ff19afced34c,1,50,51,Walkabout.com,partial-803,zero,149161545254700,0,0,true,,false,NO_KNOWN_ISSUES
747,https://www.facebook.com/p/Nelle-Atelier-61563737377722,https://www.facebook.com/p/nelle-atelier-61563737377722,ba5954976ec2e6a4205fb92a99ef375f96015cf11d993fbcdaef895229fc6443,1,303,335,Nelle Atelier,partial-803,positive,396327933562706,1,1,true,,false,NO_KNOWN_ISSUES
748,https://www.facebook.com/Bajallamabrand,https://www.facebook.com/bajallamabrand,baacc695b0140681b9fd6158799321c13f7c4ff7e8a90e218b3bedfd7e3607d6,1,635,668,Baja Llama,partial-803,positive,1066001313542577,57,30,false,,false,NO_KNOWN_ISSUES
749,https://www.facebook.com/p/Lemonade-Shoes-61557517741379,https://www.facebook.com/p/lemonade-shoes-61557517741379,bad8401b924ed0700a31704f8aec0acbaa659a6a466081766f14c0ecc936af85,1,308,340,Lemonade Shoes,partial-803,zero,261281417069297,0,0,true,,false,NO_KNOWN_ISSUES
750,https://www.facebook.com/HERTreasuresboutique,https://www.facebook.com/hertreasuresboutique,bb0671e8c2d954b2f43b32db71b47988614f4f9bdfbb200db60179ff318260b2,1,469,501,HER Treasures Boutique,continuation-209,error,,,,,no_items,,
751,https://www.facebook.com/p/Bluetross-Golf-61553959965129,https://www.facebook.com/p/bluetross-golf-61553959965129,bb087c0e6cbbe3217af3f8269131d7ad96fd432ef186d2efd7a0bcd9ba3f3d89,1,319,351,Bluetross,partial-803,zero,201124706406563,0,0,true,,false,NO_KNOWN_ISSUES
752,https://www.facebook.com/noticethereckless,https://www.facebook.com/noticethereckless,bb27b93e20460fbcc287589502689c0aee225a7a9495f42f9efb7ba0ee5e8bc6,1,339,371,Notice the Reckless,partial-803,positive,249318901756613,2,2,true,,false,NO_KNOWN_ISSUES
753,https://www.facebook.com/StriaSport2020,https://www.facebook.com/striasport2020,bc2477b20c6098444acf237657c822a427ec1b78a11e6d377425437e0aecd3fe,1,124,125,Stria Sport,partial-803,zero,215931185971870,0,0,true,,false,NO_KNOWN_ISSUES
754,https://www.facebook.com/edieparkerllc,https://www.facebook.com/edieparkerllc,bca0a17e0dea82b5b31770a245bd97afbf5a998c1732f155343c19ccbf7a7fa1,1,537,570,Edie Parker,partial-803,positive,227052607375262,13,13,true,,false,NO_KNOWN_ISSUES
755,https://www.facebook.com/people/Amoy-New-York/100082991419435,https://www.facebook.com/people/amoy-new-york/100082991419435,bcb0b4a2cb7b3ee19f5e7d2633b0e31b840df2aa3b2b448185cb4741633bd4f8,1,275,307,AMOY NEW YORK,partial-803,zero,116036524434576,0,0,true,,false,NO_KNOWN_ISSUES
756,https://www.facebook.com/royalandreese,https://www.facebook.com/royalandreese,bd09a1c56586b6a92dd5fd79cf54c6a5fe9d376f89e72aee38a94582689502b4,1,207,210,Royal and Reese,partial-803,zero,756668221115630,0,0,true,,false,NO_KNOWN_ISSUES
757,https://www.facebook.com/KatherineWayCollections,https://www.facebook.com/katherinewaycollections,bdb69041b52872159ed124a2676dc5c29eb8cbf4b0bf0d8a6dc6838436f8732d,1,428,460,Katherine Way,partial-803,zero,428138760565088,0,0,true,,false,NO_KNOWN_ISSUES
758,https://www.facebook.com/westcomb,https://www.facebook.com/westcomb,bdd357993e59bfec1f82208d36e548739cf6a9d23ee4e1f420bb0a8059d40162,1,695,729,Westcomb Outerwear Inc.,continuation-209,zero,91927326232,0,0,true,,false,NO_KNOWN_ISSUES
759,https://www.facebook.com/shopbittylove,https://www.facebook.com/shopbittylove,bdedf3f72c225f79d7066ce187fbcbf50244143dee71b7bdbaec66d13d636ea3,1,180,181,BITTY LOVE LLC,continuation-209,error,,,,,no_items,,
760,https://www.facebook.com/twelvelittle,https://www.facebook.com/twelvelittle,be080e8f78e43c6e121c1522de1cdec7c109e3831b09a902e3f3b0070a1fa0d3,1,75,76,TWELVElittle,partial-803,zero,501999749846424,0,0,true,,false,NO_KNOWN_ISSUES
761,https://www.facebook.com/quinnnyc,https://www.facebook.com/quinnnyc,be907e1acd0fa2cf81f3f5774dd2a7438b23d9695edfe7137e687174951983f4,1,772,806,Quinn Apparel Inc.,partial-803,zero,126676120697117,0,0,true,,false,NO_KNOWN_ISSUES
762,https://www.facebook.com/publishbrand,https://www.facebook.com/publishbrand,bea5cc89b5664324e4f4cc485a649f6dcf0a0ba0c4cea7a2e11b665fab10b8d3,1,773,807,"Publish Brand, Inc.",partial-803,positive,109563119103768,1,1,true,,false,NO_KNOWN_ISSUES
763,https://www.facebook.com/alwrld.sport,https://www.facebook.com/alwrld.sport,beec8aa4d073a018f79ae53ed2cd702d3c73416a2e00ff8ed988f96927219711,1,656,689,ALWRLD,partial-803,zero,106844144849816,0,0,true,,false,NO_KNOWN_ISSUES
764,https://www.facebook.com/overeasy.co,https://www.facebook.com/overeasy.co,befb9c611357f25c0318012a395928f9bf3c22c3990aed15f08d8fc94bfb2072,1,828,862,Overeasy Apparel,continuation-209,zero,2124011557877651,0,0,true,,false,NO_KNOWN_ISSUES
765,https://www.facebook.com/wearloveyourself,https://www.facebook.com/wearloveyourself,befbc3c566659548447f5a65abdbf505306d73b010ca1da1df93432a84728835,1,38,39,Love Yourself Clothing,partial-803,zero,113153990470350,0,0,true,,false,NO_KNOWN_ISSUES
766,https://www.facebook.com/OscarNewmanLLC,https://www.facebook.com/oscarnewmanllc,bf11909dcef4994ddf3a4bc12ee7db36403022beaaacadbd23503adcd2d40a40,1,831,865,Oscar Newman LLC,partial-803,zero,68580466998,0,0,true,,false,NO_KNOWN_ISSUES
767,https://www.facebook.com/MojoSportswearCompany,https://www.facebook.com/mojosportswearcompany,bf12c1dea03a00f8d19a0f6aaf74780a6b1842c2037a04a19290f6f69568bde2,1,364,396,Mojo Sportswear Company,continuation-209,error,,,,,no_items,,
768,https://www.facebook.com/SheecSocks,https://www.facebook.com/sheecsocks,bf279db340b1b4271018d4977712a643f2ef80202b8cc0d826c842f8aa3ae18a,1,190,191,Sheec,partial-803,positive,231519716949620,51,30,false,,false,NO_KNOWN_ISSUES
769,https://www.facebook.com/shopoyemwen,https://www.facebook.com/shopoyemwen,bf3bad502f2d836ada8feee9e75e515e40d9793c5babd9b213e8be37be1f9666,1,163,164,Oyemwen,partial-803,zero,214275128698953,0,0,true,,false,NO_KNOWN_ISSUES
770,https://www.facebook.com/p/Arrivo-Athletic-Wear-61559949224601,https://www.facebook.com/p/arrivo-athletic-wear-61559949224601,bf489f2814098d1053b131258d63b2a0a28396e9ab1ea73e467a4b12112d5c13,1,320,352,ARRIVO Athletic Wear,continuation-209,zero,334312473095228,0,0,true,,false,NO_KNOWN_ISSUES
771,https://www.facebook.com/bmaesboutique,https://www.facebook.com/bmaesboutique,bf7a18b4e2b57cb41eed2bcf3eac169c9accfa91c08b86d1542429de6c7c4f60,1,613,646,Bmaes Boutique,partial-803,zero,298448914201295,0,0,true,,false,NO_KNOWN_ISSUES
772,https://www.facebook.com/weisswatchcompany,https://www.facebook.com/weisswatchcompany,c0290098df622699b76ec327ef3003b9080993fa668589f2f34629fde584b05f,1,1006,1040,Weiss Watch Company,partial-803,zero,119206971486382,0,0,true,,false,NO_KNOWN_ISSUES
773,https://www.facebook.com/variouskeytags,https://www.facebook.com/variouskeytags,c04e3a44e15798bc68a7fbeb19b0afa06610d96d29420dfcb64c18c2ce39c284,1,707,741,Various Keytags,continuation-209,zero,669757219708996,0,0,true,,false,NO_KNOWN_ISSUES
774,https://www.facebook.com/frankmarzetti15,https://www.facebook.com/frankmarzetti15,c072f57f7961a6e2b86e64250e4f7c715a414517d8a8fa911ce2089f7a334bab,1,506,539,"Frank Marzetti, LLC",continuation-209,error,,,,,no_items,,
775,https://www.facebook.com/nastypiginc,https://www.facebook.com/nastypiginc,c0b8185e13fe7c15af0efa49e0148d81bef5b9c3a4d651e7518d26f8c981f3e3,1,844,878,Nasty Pig,partial-803,zero,18560068537,0,0,true,,false,NO_KNOWN_ISSUES
776,https://www.facebook.com/ViBellaJewelry,https://www.facebook.com/vibellajewelry,c0c73e9d75f7669b1a7e15148a0691b3d4e4959efabc87a2f6450aa13bd8b869,1,704,738,Vi Bella,continuation-209,positive,248709121809908,1,1,true,,false,NO_KNOWN_ISSUES
777,https://www.facebook.com/soulsistersforacause,https://www.facebook.com/soulsistersforacause,c1088ef25fb2730c4d68d74152214a169153dc515dd3b0a09a9c276c517bddb3,1,139,140,Soul Sisters for a CAUSE,partial-803,zero,160060381015155,0,0,true,,false,NO_KNOWN_ISSUES
778,https://www.facebook.com/chnge,https://www.facebook.com/chnge,c1676a61171adc0b9f83b416d52d1daea2915bdf8ba4fbbd9135d04c24912075,1,948,982,CHNGE,partial-803,positive,186932688457686,77,30,false,,false,NO_KNOWN_ISSUES
779,https://www.facebook.com/snowxuegao,https://www.facebook.com/snowxuegao,c16882b75e14169321f08a9f19c04e270febad301821de405a7866dbe9320bc1,1,742,776,SNOW XUE GAO,partial-803,positive,1418651768434134,8,8,true,,false,NO_KNOWN_ISSUES
780,https://www.facebook.com/profile.php?id=61580818112563,https://www.facebook.com/profile.php?id=61580818112563,c19bbdb02c94d8090929b167134a6fd80bdc2d6fdcc92ef4ce037887d81156b5,1,231,234,Crowned Legacy Suits,partial-803,zero,856305527556821,0,0,true,,false,NO_KNOWN_ISSUES
781,https://www.facebook.com/p/Pirate-Worldwide-100063792021818,https://www.facebook.com/p/pirate-worldwide-100063792021818,c2796261b244e17aa9d4a03e334e1a90d92a41029054cd83a9baab18e2ceb693,1,300,332,Pirate Worldwide,continuation-209,positive,110774920354361,15,15,true,,false,NO_KNOWN_ISSUES
782,https://www.facebook.com/veerahofficial,https://www.facebook.com/veerahofficial,c2d9630cb376f3fdb68947df9ac33094420e0c3e21d3640e2b0737e2d12e77bb,1,62,63,VEERAH,partial-803,zero,127867100909572,0,0,true,,false,NO_KNOWN_ISSUES
783,https://www.facebook.com/cleverhoodri,https://www.facebook.com/cleverhoodri,c302cecad59c1293090fbc17d1e8e670ad64f1b5290d432faa12f947519ff6ee,1,945,979,Cleverhood,continuation-209,zero,161159730588094,0,0,true,,false,NO_KNOWN_ISSUES
784,https://www.facebook.com/andrewstevensny,https://www.facebook.com/andrewstevensny,c325f0424c117437258048bf9899a3a943a8eb365281a2b5555a524432576803,1,991,1025,Andrew Stevens Collection Inc.,partial-803,zero,366479726710534,0,0,true,,false,NO_KNOWN_ISSUES
785,https://www.facebook.com/WearPlayground,https://www.facebook.com/wearplayground,c34ee3393e12567434f2555450c54ad5bf7b700862d6a2332afbc1d5a70de356,1,36,37,Playground,partial-803,zero,118459621939803,0,0,true,,false,NO_KNOWN_ISSUES
786,https://www.facebook.com/K9WEAR,https://www.facebook.com/k9wear,c3a972c559b42d99a42b12afb3e8f68dc3e708f7ac6bc7d13c5b43fb9aac7a6c,1,882,916,K9 Wear,partial-803,zero,101135498048786,0,0,true,,false,NO_KNOWN_ISSUES
787,https://www.facebook.com/dovetailworkwear,https://www.facebook.com/dovetailworkwear,c3f8ab76d2ce99e68f663281d62fec57f8957b19ec25f6df99b452bed1f7cf67,2,548|934,581|968,Dovetail Workwear|Dovetail Workwear,partial-803,positive,259696688109918,44,30,false,,false,NO_KNOWN_ISSUES
788,https://www.facebook.com/TheTShirtSpot104,https://www.facebook.com/thetshirtspot104,c4235641f76b6661b14d1900ebb3d9155b18c1a92476435a6a6949b40d27f604,1,89,90,The T-Shirt Spot LA,partial-803,zero,102131966535167,0,0,true,,false,NO_KNOWN_ISSUES
789,https://www.facebook.com/1peopletogether,https://www.facebook.com/1peopletogether,c4337451980d3132c9f27a7ddea000002eb5ed6b0b55c78ffaff6fd64ba5e25b,1,680,713,1 People,partial-803,zero,165626343584002,0,0,true,,false,NO_KNOWN_ISSUES
790,https://www.facebook.com/rustictac.ca,https://www.facebook.com/rustictac.ca,c4c8275f5b3dd552f95dec0ae9e1450a8dad51d086ea7a1c40bb88f49bdd7c0f,1,204,207,Rustic-Tac,partial-803,positive,1839704259680235,6,6,true,,false,NO_KNOWN_ISSUES
791,https://www.facebook.com/SuperLoveShopOnEtsy,https://www.facebook.com/superloveshoponetsy,c4d105a85a104b66a4c60132930ca02f23d13f89334fcb692c97649b9bb2f90a,1,732,766,SuperLoveTees,partial-803,positive,395204123853955,40,30,false,,false,NO_KNOWN_ISSUES
792,https://www.facebook.com/shapewearusa01,https://www.facebook.com/shapewearusa01,c523414e96160fd98a899c3245b24dce019c7369c4096161e3f77cd19d6e4feb,1,191,192,ShapewearUSA,partial-803,positive,103191366141208,1,1,true,,false,NO_KNOWN_ISSUES
793,https://www.facebook.com/nolimbitsadaptive,https://www.facebook.com/nolimbitsadaptive,c587ef7a647135e1f85a0a0cb4762ad81d23002753c40a3036cb6a0952d55a50,1,345,377,No Limbits,partial-803,positive,696104214193173,13,13,true,,false,NO_KNOWN_ISSUES
794,https://www.facebook.com/matteoperin23,https://www.facebook.com/matteoperin23,c63302592f9f19f8af40e8087e1ac544d7077ec32d4a94192fda4898565728c2,1,382,414,Matteo Perin Inc.,continuation-209,zero,2179669928943348,0,0,true,,false,NO_KNOWN_ISSUES
795,https://www.facebook.com/movingforwarddesigns,https://www.facebook.com/movingforwarddesigns,c64cbec13d80b664331fbdbaae7f565273cb4ff49a1825113d49fef79a9894e2,1,360,392,Moving Forward Designs,partial-803,positive,106504338317305,48,30,false,,false,NO_KNOWN_ISSUES
796,https://www.facebook.com/tenfed,https://www.facebook.com/tenfed,c656f76728f717c4238438ab3eb6c27f1cdc34a7aaaa1ceb69bb9a4714f3d5c7,1,111,112,Tenfed,partial-803,zero,1653121978253004,0,0,true,,false,NO_KNOWN_ISSUES
797,https://www.facebook.com/campuscourse,https://www.facebook.com/campuscourse,c6a4dbbf0b6fff6b9f4130004d16b4628284a964da8d8903bf2079badb807c6b,1,954,988,Campus Course,partial-803,positive,111773445353351,10,10,true,,false,NO_KNOWN_ISSUES
798,https://www.facebook.com/loqshoes,https://www.facebook.com/loqshoes,c7345f4872e0494fd08be1293a982d4cfada6e0c442dc553048754e0cccfb7e2,1,396,428,LOQ,partial-803,positive,469957476500565,10,10,true,,false,NO_KNOWN_ISSUES
799,https://www.facebook.com/foreplaygolfwear,https://www.facebook.com/foreplaygolfwear,c7706eb3e377b9feac05c94f3072d4c9c7922f789984bf65bfaf470f93b0672c,1,508,541,Foreplay Golf,partial-803,zero,710400798814272,0,0,true,,false,NO_KNOWN_ISSUES
800,https://www.facebook.com/profile.php?id=61565049963546,https://www.facebook.com/profile.php?id=61565049963546,c77c42cd7611bf7cc7d92ef0663881455735c5c70341b5cc98d1dc47c258622a,1,234,237,Axell,partial-803,positive_empty,386501527886175,8,0,true,,false,NO_KNOWN_ISSUES
801,https://www.facebook.com/louiedecotonseattle,https://www.facebook.com/louiedecotonseattle,c7b1b59ac9e582d5f06b67f926c8fdba9ab514ac9f61b98dc74c6f771ad15e15,1,870,904,LOUIE DE COTON LLC,continuation-209,zero,490547011062177,0,0,true,,false,NO_KNOWN_ISSUES
802,https://www.facebook.com/RevelrySupply,https://www.facebook.com/revelrysupply,c8052f77334644d192a424e53555315218fad95887c8a8cbcf546496436f7dd0,1,213,216,Revelry Brands,partial-803,positive,387180754985892,12,12,true,,false,NO_KNOWN_ISSUES
803,https://www.facebook.com/DifferentRegard,https://www.facebook.com/differentregard,c845086a37d498353f7f3366d1cc8e9476493790bb8d9faa046f32543df0f47a,1,557,590,DIFFERENTREGARD,partial-803,zero,194796270574227,0,0,true,,false,NO_KNOWN_ISSUES
804,https://www.facebook.com/people/Panic-Panties/100058715046700,https://www.facebook.com/people/panic-panties/100058715046700,c848d39d9f80084c168eddf410ec9ed32828911bcf6115fcc285c553b94a4d93,1,263,295,Panic Panties,partial-803,positive,363552677740288,24,24,true,,false,NO_KNOWN_ISSUES
805,https://www.facebook.com/p/Kat-Noelle-Boutique-100090209907434,https://www.facebook.com/p/kat-noelle-boutique-100090209907434,c8541b6cc241549fa36365866cef8d98364fe47008bf1ee930ba0f1dd65f256c,1,310,342,Kat + Noelle Boutique,continuation-209,positive,109424898776774,2,2,true,,false,NO_KNOWN_ISSUES
806,https://www.facebook.com/DoctorJohnnys,https://www.facebook.com/doctorjohnnys,c889bea29d4d30702db90a9cdff68027ce98f526e852853cc9f406092b380c2c,1,553,586,Dr. Johnny's,partial-803,positive,283403211516276,11,11,true,,false,NO_KNOWN_ISSUES
807,https://www.facebook.com/rebeccaallenny,https://www.facebook.com/rebeccaallenny,c8944f35b86532282f981f7282d47f58d026390f35d09a71f9030eccef436d78,1,219,222,"Rebecca Allen, Inc.",partial-803,positive,1894275337254961,5,5,true,,false,NO_KNOWN_ISSUES
808,https://www.facebook.com/ragenjewels,https://www.facebook.com/ragenjewels,c955eba4156471a0eaf1db124b9ae2739929b094258e10713799b927b42207dc,1,770,804,Ragen Jewels,partial-803,positive,334488096679413,2,2,true,,false,NO_KNOWN_ISSUES
809,https://www.facebook.com/pages/Emmelle-Design/288419401002,https://www.facebook.com/pages/emmelle-design/288419401002,c9b4fa79e5ef0fec49a1161a62b601c119cf22a634187e98f744bafdec14cde0,1,814,848,Emmelle Design | Mi Jong Lee,partial-803,zero,288419401002,0,0,true,,false,NO_KNOWN_ISSUES
810,https://www.facebook.com/thimblecollection,https://www.facebook.com/thimblecollection,c9b55178c773fa387c8c369d5e8bcf08babc859949ba01767de5c1fd2958f5c9,1,88,89,Thimble Collection,partial-803,zero,620952231340575,0,0,true,,false,NO_KNOWN_ISSUES
811,https://www.facebook.com/domrebel,https://www.facebook.com/domrebel,ca309b7946a27c7e5d0ac3ea9ad2fcedb230ee97b2656b4ee81e5e7a45ba3e52,1,935,969,DOMREBEL Montréal,partial-803,zero,55034103285,0,0,true,,false,NO_KNOWN_ISSUES
812,https://www.facebook.com/Hairareus,https://www.facebook.com/hairareus,ca8bf79527c636d7bfdbde81396de4775846e240272debdf69753c7b535e926c,1,1020,1054,Hair Are Us,partial-803,positive,120735771400323,166,30,false,,false,NO_KNOWN_ISSUES
813,https://www.facebook.com/dallanonna,https://www.facebook.com/dallanonna,cabbaedf899e3a39ad7d9725939d8ee3b3c27688325bb05cf81345fd7c7e2ab7,1,1012,1046,dalla nonna llc,partial-803,zero,143575990383,0,0,true,,false,NO_KNOWN_ISSUES
814,https://www.facebook.com/FosterieShop,https://www.facebook.com/fosterieshop,cad97aae2c88a3b5d1c13778e23eb5e03a72298f7cee781cca39aad8e10cecde,1,507,540,FOSTERIE,partial-803,zero,222507374515622,0,0,true,,false,NO_KNOWN_ISSUES
815,https://www.facebook.com/tr,https://www.facebook.com/tr,cc6e5d7d9b2fa4da28ae896b5bcb064f3d9f72560bd5f40621b7cdf0d996f107,3,711|712|713,745|746|747,Neely & Chloe|Southern Scholar Socks|Abacus Sportswear US,continuation-209,error,,,,,no_items,,
816,https://www.facebook.com/neoncowboys,https://www.facebook.com/neoncowboys,ccd84f9009360538a6468f493a68240cd9a1c3491cc23ac2e01dcf8b241baace,1,352,384,Neon Cowboys ®,continuation-209,zero,1474495736102757,0,0,true,,false,NO_KNOWN_ISSUES
817,https://www.facebook.com/pages/Hang-Accessories-Inc/171385165102,https://www.facebook.com/pages/hang-accessories-inc/171385165102,cd5e33ef7bde2c51071b0550a607c5da024c436c2590aea9051f24cd94ad1e3d,1,804,838,Hang Accessories,partial-803,zero,171385165102,0,0,true,,false,NO_KNOWN_ISSUES
818,https://www.facebook.com/mylifeonthelake,https://www.facebook.com/mylifeonthelake,cd6d690e058cb5271e0521577a745db0ac1a3c687243ee1c333a3a79068ea1de,1,356,388,Lake Life Brand,partial-803,zero,293680984410215,0,0,true,,false,NO_KNOWN_ISSUES
819,https://www.facebook.com/bennettjamesllc,https://www.facebook.com/bennettjamesllc,cd8afb624c00de48170489682b6553ea6cd64b5cd6623743d81976542ae13590,1,626,659,Bennett James,partial-803,zero,265845790942615,0,0,true,,false,NO_KNOWN_ISSUES
820,https://www.facebook.com/jacquelinecityapparel,https://www.facebook.com/jacquelinecityapparel,cdfd8a2c0ec2c74e031cebb019b096c3ca53ff189a34d4d9c3a20890196df437,1,441,473,Jacqueline City Apparel,partial-803,zero,495861687485432,0,0,true,,false,NO_KNOWN_ISSUES
821,https://www.facebook.com/danarysnyc,https://www.facebook.com/danarysnyc,ce8189b3ca63c6766debeb0efac1f33d9555687a64d4749fc513d7eaa3a2d19e,1,568,601,Danarys New York,partial-803,positive,104960165311965,30,30,true,,false,NO_KNOWN_ISSUES
822,https://www.facebook.com/mohops,https://www.facebook.com/mohops,cea8f4aae3d807e7aabdc9748fd2c2e66d26585d24287de64d1f1cccb613a057,1,365,397,Mohop Inc,partial-803,zero,40759354390,0,0,true,,false,NO_KNOWN_ISSUES
823,https://www.facebook.com/pages/Vital-Outdoors/291909645856,https://www.facebook.com/pages/vital-outdoors/291909645856,cedda3db034d51bd5b98c15118b7e3b47aed3e6846209a503876a6579048cbf9,1,783,817,Vital Outdoors,continuation-209,zero,291909645856,0,0,true,,false,NO_KNOWN_ISSUES
824,https://www.facebook.com/kabacchaShoes,https://www.facebook.com/kabacchashoes,cef59a8168ad80ea975587ef7f7fd88f8d7a02a76c1eee197166bf0a6e209dda,1,433,465,Kabaccha Shoes,partial-803,zero,160382487333821,0,0,true,,false,NO_KNOWN_ISSUES
825,https://www.facebook.com/vintandyork,https://www.facebook.com/vintandyork,cf354907a2a89a09f131f8540a3add4dfb496350fe0f146f62b84d36f6749f61,1,701,735,Vint & York,partial-803,positive,310009389110627,17,17,true,,false,NO_KNOWN_ISSUES
826,https://www.facebook.com/askscandinavia,https://www.facebook.com/askscandinavia,cf612041cedb72adffeefa6d838fa3eca189bd64543dc8334a6d8f01af2abe93,1,647,680,ASK Scandinavia,partial-803,zero,180912412627858,0,0,true,,false,NO_KNOWN_ISSUES
827,https://www.facebook.com/GeneralTag,https://www.facebook.com/generaltag,cf83b3af4b89da91e63a892ad2ae17872294aae911b855fbf57d0f9cef405a67,1,493,526,General Tag,continuation-209,zero,106030700768664,0,0,true,,false,NO_KNOWN_ISSUES
828,https://www.facebook.com/p/Riviera-Creek-Couture-61575963781030,https://www.facebook.com/p/riviera-creek-couture-61575963781030,cfa1a18d77b974ae2310a784a39e87960f56115ee855bc014bcbe696c4b31313,1,296,328,Riviera Creek Couture,partial-803,zero,643781618818585,0,0,true,,false,NO_KNOWN_ISSUES
829,https://www.facebook.com/Savannah7sWesternChic,https://www.facebook.com/savannah7swesternchic,d06db632916642db8ba2671cf7a6d1fb7516c77409c8c14cbd2ae89b814bc13d,1,763,797,Savannah Sevens Western Life & Style,continuation-209,error,,,,,no_items,,
830,https://www.facebook.com/StewartSimmonsAttire,https://www.facebook.com/stewartsimmonsattire,d073da81a615a305b70a2e443704366c35f5391aa17c9897c96ea7de31498eb3,1,130,131,Stewart Simmons,partial-803,positive,967139973361279,1,1,true,,false,NO_KNOWN_ISSUES
831,https://www.facebook.com/topfoxx,https://www.facebook.com/topfoxx,d0aa143cdb3898a4335da7d6a462f0fddaa8e5de7004267892bcb778cedeff34,1,714,748,Topfoxx,partial-803,positive,441539569357988,125,30,false,,false,NO_KNOWN_ISSUES
832,https://www.facebook.com/uptownsox,https://www.facebook.com/uptownsox,d0c695004c207f68b77550b54e25124ff575fc0686eb172d1edd0f17ea5234b8,1,64,65,Uptown Sox ltd.,continuation-209,zero,637453693069349,0,0,true,,false,NO_KNOWN_ISSUES
833,https://www.facebook.com/YearOfOurs,https://www.facebook.com/yearofours,d103fd1d4877f974e181f133c4e4cbec2fc22b8ba98cdfc2cb80394dfaa5bb41,1,12,13,Year of Ours,partial-803,zero,541000719423238,0,0,true,,false,NO_KNOWN_ISSUES
834,https://www.facebook.com/p/Bonzer-Athletics-61576183284822,https://www.facebook.com/p/bonzer-athletics-61576183284822,d11369d98dce1248873f59b25e2849e6f77f5ae01d9298a722553825369bf3e6,1,318,350,Bonzer Athletics,partial-803,zero,690516160800584,0,0,true,,false,NO_KNOWN_ISSUES
835,https://www.facebook.com/cocoandbreezyeyewear,https://www.facebook.com/cocoandbreezyeyewear,d121d60baa77924d46ca54d1f0b7f4ac0511ff3ccef3254870221c60b92b2b79,1,586,619,Coco and Breezy,partial-803,zero,129103417121274,0,0,true,,false,NO_KNOWN_ISSUES
836,https://www.facebook.com/rileyversa,https://www.facebook.com/rileyversa,d13f10516fd0157c1371c25b714118d6d9ef8eca8f84038d409757e4e72ddcbb,1,210,213,Riley Versa,partial-803,zero,1272651216085610,0,0,true,,false,NO_KNOWN_ISSUES
837,https://www.facebook.com/profile.php?id=61583762634354,https://www.facebook.com/profile.php?id=61583762634354,d1d6e27aab0b8b33d6e11e166664b9cbc188dfbef4083b7ec71abb1e289d9aff,1,230,233,Merchdrop,partial-803,zero,1067450556442166,0,0,true,,false,NO_KNOWN_ISSUES
838,https://www.facebook.com/Woollyclothing,https://www.facebook.com/woollyclothing,d227d0992c24da1933a04922493ba2f9581c0097d4c456a8a96013777f6d0ad0,1,16,17,Woolly Clothing,partial-803,positive,626553350689213,63,30,false,,false,NO_KNOWN_ISSUES
839,https://www.facebook.com/PINTRILL,https://www.facebook.com/pintrill,d250a7686c646d46b121b37ebde1f48660ecd2eba36ff720524dc2f5612166cb,1,247,279,PINTRILL,partial-803,positive,661644803889059,43,29,false,,false,NO_KNOWN_ISSUES
840,https://www.facebook.com/zenziiwholesale,https://www.facebook.com/zenziiwholesale,d25bff34186f1afa0d9d34aa6fad7fceee3ba41af408dc9992eb2f0b08438103,1,4,5,ZENZII,partial-803,zero,223457751475261,0,0,true,,false,NO_KNOWN_ISSUES
841,https://www.facebook.com/tyler.boe.clothing,https://www.facebook.com/tyler.boe.clothing,d28d679e276f35ac45c6fc1f51897e4860c48702e74fc445c99c62fd3958e035,1,1007,1041,tyler böe,partial-803,zero,127920280553537,0,0,true,,false,NO_KNOWN_ISSUES
842,https://www.facebook.com/MINEbySandy,https://www.facebook.com/minebysandy,d2bf48f585122ae1392d1667cc3fb0191387a4a6b8d4af8a0e618be7f65d8a77,1,370,402,MINE by sandy,partial-803,zero,159101180822436,0,0,true,,false,NO_KNOWN_ISSUES
843,https://www.facebook.com/selkbag,https://www.facebook.com/selkbag,d369a2f87e02880342fcc110b6d160ab11045284355ef20aa8e9b9db08ccd395,1,193,194,Selk'bag,partial-803,positive,108747429149916,25,25,true,,false,NO_KNOWN_ISSUES
844,https://www.facebook.com/miikinc,https://www.facebook.com/miikinc,d37c01cba48eac08aebb2a4ea0829b7ee0a9e7b18adb0308174614a7a4fc5d31,1,855,889,Miik Inc.,partial-803,positive,130531550312255,95,30,false,,false,NO_KNOWN_ISSUES
845,https://www.facebook.com/vohlworkwear,https://www.facebook.com/vohlworkwear,d3e0b3a91bbc9c3703fa243748be63232ed49f458a1bacf3ae874108689ff1ec,1,54,55,Vohl,partial-803,positive,982986751567130,17,17,true,,false,NO_KNOWN_ISSUES
846,https://www.facebook.com/headsweats,https://www.facebook.com/headsweats,d4312e43503519dd25f44fe84f5a36db66e413889758a5887004636d4ab2a9af,1,471,503,Headsweats,partial-803,positive,91655581863,17,17,true,,false,NO_KNOWN_ISSUES
847,https://www.facebook.com/NantucketLooms,https://www.facebook.com/nantucketlooms,d4362949aed3d2058f2ffa2d10fd0d1f0fb8c72935b3f0d3519bbe78e1d843db,1,354,386,Nantucket Looms,partial-803,positive,197571713627455,7,7,true,,false,NO_KNOWN_ISSUES
848,https://www.facebook.com/BabyVisionInc,https://www.facebook.com/babyvisioninc,d47727e22296f06a3edd0e351f553cedd4782047641d34a14552509b1ce6112c,1,980,1014,"BabyVision, Inc.",partial-803,zero,311837195493052,0,0,true,,false,NO_KNOWN_ISSUES
849,https://www.facebook.com/pages/refname/314349728613814,https://www.facebook.com/pages/refname/314349728613814,d48f0e5a32f306fe12a7a2a8c2a0409b9e850bb9a329b77b3cdd6df68bb0326d,1,790,824,"Urban Classics, Inc.",partial-803,zero,314349728613814,0,0,true,,false,NO_KNOWN_ISSUES
850,https://www.facebook.com/Blipshift,https://www.facebook.com/blipshift,d5094a7734d9a93d941aecabdaff7c0ed9ef3a89470ab6ea806dd9395df7be36,1,616,649,blipshift,partial-803,positive,284480248314957,8,8,true,,false,NO_KNOWN_ISSUES
851,https://www.facebook.com/tracynicoleclothing,https://www.facebook.com/tracynicoleclothing,d5411ef0b0b85d5b2292c08970b9f199502e18a1c58b5c6adeb127391fbfd10f,1,82,83,Tracy Nicole Clothing,partial-803,zero,585150048217278,0,0,true,,false,NO_KNOWN_ISSUES
852,https://www.facebook.com/p/Mrs-G-61573588674980,https://www.facebook.com/p/mrs-g-61573588674980,d56bb1670d7f4cccbd5da65f58291e8619d2b204cd3eae8604d8592694503cdb,1,304,336,Mrs. G,partial-803,positive,540929312443943,11,11,true,,false,NO_KNOWN_ISSUES
853,https://www.facebook.com/IslandersCoastalOutfitter,https://www.facebook.com/islanderscoastaloutfitter,d5b7c9f8ce14bb5313f4639c84381002a36d35cf91a1f496b1b65aad3e4b2148,1,446,478,Islanders Coastal Outfitter,partial-803,positive,14961137987,1,1,true,,false,NO_KNOWN_ISSUES
854,https://www.facebook.com/joybeesfootwear,https://www.facebook.com/joybeesfootwear,d5e7e45b81b595b9929b0cda2a872b4ad45e82fd31ae3d8bbdf2bb74ef7d1f5e,1,887,921,Joybees Footwear,partial-803,positive,359719478491,60,30,false,,false,NO_KNOWN_ISSUES
855,https://www.facebook.com/uomosanfrancisco,https://www.facebook.com/uomosanfrancisco,d69c46aab1171d9a3fd8430d8a9a461287c46652578f699885daa8d811b149b8,1,66,67,Uomo European Menswear,partial-803,zero,368993196052,0,0,true,,false,NO_KNOWN_ISSUES
856,https://www.facebook.com/myflufie,https://www.facebook.com/myflufie,d70cf13c9764d9101c20046e995c65d19db95eacdf08a0389981f7433b43c28b,1,845,879,Flufié,partial-803,zero,258418472728406,0,0,true,,false,NO_KNOWN_ISSUES
857,https://www.facebook.com/littlehometownusa,https://www.facebook.com/littlehometownusa,d72896899a70cb2f200711a65f15875e9cda71adde3112dd6cc4906faefabe12,1,400,432,Little Hometown,partial-803,positive,181033272322865,20,20,true,,false,NO_KNOWN_ISSUES
858,https://www.facebook.com/wildflowervalley,https://www.facebook.com/wildflowervalley,d7680b76a047b7e92ecb306275146ac5b41967f02138a7f6e346e1fc9521ac90,1,21,22,Wildflower Valley,partial-803,zero,1247681435283090,0,0,true,,false,NO_KNOWN_ISSUES
859,https://www.facebook.com/SAAKAsport,https://www.facebook.com/saakasport,d774a63164b022edc51d27361d8cc762e2128a12695a47fc25900d5a03b5f7b4,1,203,206,SAAKA Sportswear,partial-803,zero,722708097768635,0,0,true,,false,NO_KNOWN_ISSUES
860,https://www.facebook.com/gelarehmizrahicollection,https://www.facebook.com/gelarehmizrahicollection,d7ce44a001fbb5ca4ddc03781242aba6c2a43e848e90287f1dfd058c0dc71707,1,496,529,"Gelareh Mizrahi, LLC",partial-803,zero,186360048072154,0,0,true,,false,NO_KNOWN_ISSUES
861,https://www.facebook.com/shop.klani,https://www.facebook.com/shop.klani,d7da276690b3010e18905edbfc13e30ab257929b2e2d13081a665e413659b24a,1,185,186,K'Lani,partial-803,positive,105557715268092,236,30,false,,false,NO_KNOWN_ISSUES
862,https://www.facebook.com/p/Loup-100038428164572,https://www.facebook.com/p/loup-100038428164572,d7fe3868d1279554d5b4f542297acaa18e1af326fc8d8d02f94a4f471086e4d0,1,306,338,Loup,partial-803,zero,108291563519,0,0,true,,false,NO_KNOWN_ISSUES
863,https://www.facebook.com/routeoneapparel,https://www.facebook.com/routeoneapparel,d843db2cef688215743913276355dfffeffa397b731351322c6d0173c57a5c08,1,766,800,Route One Apparel,partial-803,positive,172970322721585,23,23,true,,false,NO_KNOWN_ISSUES
864,https://www.facebook.com/paddleandpin,https://www.facebook.com/paddleandpin,d8987577a4f5fc3e280b973526f87daed0cb8c6d39c5d7db678d75f4d8554d36,1,286,318,"Paddle + Pin, LLC",continuation-209,error,,,,,no_items,,
865,https://www.facebook.com/lineandcleat,https://www.facebook.com/lineandcleat,d8fcdbe125fb83494a1c3a44df3af039a59f682c1cc8a4835534d3b395882e6c,1,402,434,Line + Cleat,partial-803,positive,314164875952648,5,5,true,,false,NO_KNOWN_ISSUES
866,https://www.facebook.com/undernysky,https://www.facebook.com/undernysky,d9eca0f21a04a0773d7d266f70b277450b4732868fa82ad3debc3b7658bfface,1,709,743,UNDER NY SKY,partial-803,zero,1422001568074310,0,0,true,,false,NO_KNOWN_ISSUES
867,https://www.facebook.com/RhodesBoutique,https://www.facebook.com/rhodesboutique,da2d93c04f357bd48e5d4560bce6735e03480ef23712ec72d680a17c825422f5,1,211,214,Rhodes Boutique,partial-803,zero,429795270392006,0,0,true,,false,NO_KNOWN_ISSUES
868,https://www.facebook.com/ptmarkMN,https://www.facebook.com/ptmarkmn,da419399cafaedba9db4ccb063317abe1e02cb10b2c98035ca11a93d165fc9f2,1,223,226,"Personal Touch Marketing & Manufacturing, Inc.",partial-803,zero,157125447645586,0,0,true,,false,NO_KNOWN_ISSUES
869,https://www.facebook.com/ghoutfitters,https://www.facebook.com/ghoutfitters,da5b3323f0ba2a94c734bf9143695ca938b9b590f6f455a269377e7d9f3f808d,1,491,524,GreenHouse Outfitters,partial-803,zero,65501958161,0,0,true,,false,NO_KNOWN_ISSUES
870,https://www.facebook.com/JuneBeeBaby,https://www.facebook.com/junebeebaby,da86ec11f495f8523be43c14a46c4746c458706efcf1ed4ef02bfaee84449e62,1,884,918,"JuneBee Baby, Inc.",partial-803,zero,207534279274264,0,0,true,,false,NO_KNOWN_ISSUES
871,https://www.facebook.com/harperwildebras,https://www.facebook.com/harperwildebras,da88d5cc16506af7d2a2c7e53db5d8984850a22212bdb580c79d594ee9072572,1,906,940,Harper Wilde,partial-803,positive,673716996140282,120,30,false,,false,NO_KNOWN_ISSUES
872,https://www.facebook.com/profile.php?id=61592350385751,https://www.facebook.com/profile.php?id=61592350385751,dabad7b7adeafe2434d0453f3a337148a445523b232a6549d101a939004602c3,1,228,231,Curete,partial-803,zero,1204332859430805,0,0,true,,false,NO_KNOWN_ISSUES
873,https://www.facebook.com/skhoopusa,https://www.facebook.com/skhoopusa,dacd64df6755f7d39c853bb58f196a8f88b0dfd835f951d9e6e6d6c5e1d0c018,1,151,152,"SKHOOP | Smart Scandinavian Wear, LLC",partial-803,positive,103007608878062,6,6,true,,false,NO_KNOWN_ISSUES
874,https://www.facebook.com/deltoroshoes,https://www.facebook.com/deltoroshoes,daf022bff712398d1b1b4dd0d78818610018ce6084b38f29487e7a3e72dab846,1,559,592,Del Toro Shoes,partial-803,positive,141248062697439,31,30,false,,false,NO_KNOWN_ISSUES
875,https://www.facebook.com/fattypackco,https://www.facebook.com/fattypackco,db6885766136ab639e386877130c1db93c84676b1c94190381d1ce39c639c3fe,1,518,551,FattyPack,continuation-209,positive,112719335096788,98,30,false,,false,NO_KNOWN_ISSUES
876,https://www.facebook.com/maroonbells,https://www.facebook.com/maroonbells,db7f3f09b7fe464fae3a91c703b0f6f228a607726f5997ac6c88636e858d8f18,1,858,892,Maroon Bell Outdoor LLC.,partial-803,zero,102785145145868,0,0,true,,false,NO_KNOWN_ISSUES
877,https://www.facebook.com/pages/Oakland-CA/Mannequin-Madness-sales-rentals-and-recycling-of-mannequins/177449619003,https://www.facebook.com/pages/oakland-ca/mannequin-madness-sales-rentals-and-recycling-of-mannequins/177449619003,dbfdaba4f9e3d9a7d9fd4b04b2a79df38fbe43c16c478075a7742b569997d099,1,796,830,Mannequin Madness all things mannequin,continuation-209,error,,,,,no_items,,
878,https://www.facebook.com/177450288957257,https://www.facebook.com/177450288957257,dc0393b108adc1173e8baced1346023745fb4b2b40941e8e2c3703797b87d11a,1,682,715,Lisa Marie Fernandez,partial-803,zero,177450288957257,0,0,true,,false,NO_KNOWN_ISSUES
879,https://www.facebook.com/leletnewyork,https://www.facebook.com/leletnewyork,dce200d9092e3edd7ea105b21ddd37525ca00971c58cdc4b42f872daa75fe870,1,405,437,LELET NY,partial-803,positive,320213135346,111,30,false,,false,NO_KNOWN_ISSUES
880,https://www.facebook.com/pages/Austin-Linen/353087948129402,https://www.facebook.com/pages/austin-linen/353087948129402,dcfbe7ae6773b6bf2808d9d9ab8a7bcd40a0d2664010b7e10bd0553e7177a632,1,824,858,Austin Linen,continuation-209,error,,,,,no_items,,
881,https://www.facebook.com/OutstandingNow,https://www.facebook.com/outstandingnow,ddf5146b7218736da86f927aa14f2ff717aef93bd5eada3a4acf5981cc8c4c55,1,829,863,Outstanding Now,partial-803,zero,1556693397885571,0,0,true,,false,NO_KNOWN_ISSUES
882,https://www.facebook.com/thesuitdepot,https://www.facebook.com/thesuitdepot,de95ea18cedc73e40d20c94b4f416d31ffce92547534945e5cd25931cbfcd64d,1,720,754,The Suit Depot,partial-803,zero,577564122300775,0,0,true,,false,NO_KNOWN_ISSUES
883,https://www.facebook.com/Anetik-Performance-1569457923318643,https://www.facebook.com/anetik-performance-1569457923318643,df28405de9f5b3d760e4475db2a5013d67e1288a66332aaddcfc3b540ccc5bab,1,654,687,ANETIK,partial-803,positive,1569457923318643,32,30,false,,false,NO_KNOWN_ISSUES
884,https://www.facebook.com/storiedhats,https://www.facebook.com/storiedhats,df3ce17c8169c29a0d19736a6320c987ab217656a67bed3d69d28e368ee66491,2,127|734,128|768,Storied Hats|Storied Hats,partial-803,positive,888762311331004,24,24,true,,false,NO_KNOWN_ISSUES
885,https://www.facebook.com/sweat2swim,https://www.facebook.com/sweat2swim,df7b268fea80c25f925a8767f430809f53917c50ba51b310bc028013b28a9230,1,117,118,Sweat2Swim,partial-803,positive,232962513234421,1,1,true,,false,NO_KNOWN_ISSUES
886,https://www.facebook.com/shopclette,https://www.facebook.com/shopclette,dfa242b63d0041877a24db94bbf1366dce624ca5b0dba1ad89aac30cb20a2f3e,1,755,789,Clétte,continuation-209,error,,,,,no_items,,
887,https://www.facebook.com/PIXIEMARKET,https://www.facebook.com/pixiemarket,dfd7f650782426196249aa473f1400d97c7af381a18bb4b583105e75fed3e95b,1,246,278,Pixie Market,partial-803,zero,131423866879291,0,0,true,,false,NO_KNOWN_ISSUES
888,https://www.facebook.com/cucharajewelry,https://www.facebook.com/cucharajewelry,dfe7310ccecff1397605b97df6a417a851be1864dc4cc9618b1abd858396a24b,1,939,973,CUCHARAJEWELRY,partial-803,zero,143247735807435,0,0,true,,false,NO_KNOWN_ISSUES
889,https://www.facebook.com/APLbasketball,https://www.facebook.com/aplbasketball,e03ecada7762fdf21b4863d3dde5552a22b787e72ef8cf6ce04f46e9254d7501,1,990,1024,APL (Athletic Propulsion Labs),partial-803,positive,320057564811824,767,30,false,,false,NO_KNOWN_ISSUES
890,https://www.facebook.com/campocollection,https://www.facebook.com/campocollection,e0dd9d97226ab7ee3a3d711b2f5cf6f6258aecca19e7aa41e1d1baaff90978fa,1,598,631,Campo Collection,partial-803,zero,2316229491952149,0,0,true,,false,NO_KNOWN_ISSUES
891,https://www.facebook.com/TriarchyBrand,https://www.facebook.com/triarchybrand,e13c6425c66bfd84975f5c046f6c210e59f596f7d58eee0145adad0b55f7aec0,1,81,82,TRIARCHY,partial-803,zero,224891337555759,0,0,true,,false,NO_KNOWN_ISSUES
892,https://www.facebook.com/BerkleyClothing,https://www.facebook.com/berkleyclothing,e217c1d6208251805a3e4a3843c2170edd96180343eaf14326b39d149802bb9d,1,625,658,Berkley Clothing,partial-803,zero,115015339907714,0,0,true,,false,NO_KNOWN_ISSUES
893,https://www.facebook.com/mavibandz,https://www.facebook.com/mavibandz,e22984a1d432b6dba89bbcaf2788789c70dd40618e7299666f1ce08452a01aa6,1,1009,1043,Mavi Bandz,partial-803,zero,431286376950502,0,0,true,,false,NO_KNOWN_ISSUES
894,https://www.facebook.com/BrynnCapellaInc,https://www.facebook.com/brynncapellainc,e243872c42d3b4149729a64ae5f21692c780513491c17d456dc1ee564c26247c,1,959,993,"Brynn Capella, Inc.",continuation-209,error,,,,,no_items,,
895,https://www.facebook.com/Definition-You-Apparel-101117315262061,https://www.facebook.com/definition-you-apparel-101117315262061,e268801c6227b670fb497a2131c5b5fb8211df949fad05be7dde175ca24f0e24,1,561,594,Definition: You,partial-803,zero,101117315262061,0,0,true,,false,NO_KNOWN_ISSUES
896,https://www.facebook.com/latchedmama,https://www.facebook.com/latchedmama,e2900c12b607da6a3a1c88a1b93dd582633de96d92ee07d89f4b8711ab5b2f10,1,877,911,Latched Mama,continuation-209,positive,730266436993464,104,29,false,,false,NO_KNOWN_ISSUES
897,https://www.facebook.com/wearviceversa,https://www.facebook.com/wearviceversa,e2944cbc8242f820022a91120b0ac33c262da43fe904394d4ab9a4111984ddfb,1,32,33,VICE VERSA,partial-803,positive,612030699235872,30,30,true,,false,NO_KNOWN_ISSUES
898,https://www.facebook.com/p/Rec-League-61565291317505,https://www.facebook.com/p/rec-league-61565291317505,e29d047927e345b7eaa28465a03ebad5c88490f2680cf4428c2b09c5339a90e9,1,299,331,Rec League,partial-803,zero,454386481083593,0,0,true,,false,NO_KNOWN_ISSUES
899,https://www.facebook.com/shopagent84,https://www.facebook.com/shopagent84,e2c064be5cd163cf8ee001ecfe99c8dc01bf6f67972aa6390c24c45f4cbb5004,1,183,184,AGENT84,partial-803,positive,775596349240871,152,30,false,,false,NO_KNOWN_ISSUES
900,https://www.facebook.com/WILLBOUSA,https://www.facebook.com/willbousa,e34ae5cbb08a0e27f71d6d982a3396604d752e241af5c9c1b3cac7191b881a1f,1,20,21,WILLBO,partial-803,positive,104443821388301,74,30,false,,false,NO_KNOWN_ISSUES
901,https://www.facebook.com/gbny123,https://www.facebook.com/gbny123,e36e5984ff61b62c38803fa90254e3bff92037e66164ca2bc4c1dc0e140f6cf5,1,497,530,GBNY,continuation-209,error,,,,,no_items,,
902,https://www.facebook.com/solefolks,https://www.facebook.com/solefolks,e38bd821dfaef0ff18a9e1a0850ddbc28d0aeba6fc1e3f5866eb830277ea023d,1,144,145,Sole Folks,partial-803,zero,103558861047744,0,0,true,,false,NO_KNOWN_ISSUES
903,https://www.facebook.com/thebarfashion,https://www.facebook.com/thebarfashion,e3bf22d5d7de362da57c14f0d9ecdcd23ffaeeb1cfd36c49da2f1fbcedcddb08,2,107|108,108|109,The Bar|The Bar,continuation-209,error,,,,,no_items,,
904,https://www.facebook.com/flamaeyewear,https://www.facebook.com/flamaeyewear,e3f250aed4d61c1e8cf8acbdb2c0a1eed6a75dc63c349b1ea3aad650c9216c95,1,512,545,Flama Eyewear,partial-803,zero,1393741177535235,0,0,true,,false,NO_KNOWN_ISSUES
905,https://www.facebook.com/IslandtoEastSide,https://www.facebook.com/islandtoeastside,e40facc5c0341b137948a445c7e7c37921116cd93dc1b2dfb33f97ae8dd80379,1,445,477,Island to East Side,partial-803,zero,2081162765446475,0,0,true,,false,NO_KNOWN_ISSUES
906,https://www.facebook.com/p/Corts-61568963979974,https://www.facebook.com/p/corts-61568963979974,e41a156592094e65a64dca30e107706a9f14b0aabd1c1a3acdd2b0c9efa43cf9,1,315,347,Corts,partial-803,zero,492855743908378,0,0,true,,false,NO_KNOWN_ISSUES
907,https://www.facebook.com/pages/Live-The-Process/319209721481433,https://www.facebook.com/pages/live-the-process/319209721481433,e42287d60562c8b3494adbd0bc62e8011aafca7d94b76d6ae67ec1af872ba201,1,800,834,Live The Process,partial-803,positive,319209721481433,7,7,true,,false,NO_KNOWN_ISSUES
908,https://www.facebook.com/hudsonsutler,https://www.facebook.com/hudsonsutler,e4774195ca7a35d352ee32f0ec8f360d6482e2c811b378211b47067071efe25b,1,902,936,Hudson Sutler,partial-803,zero,109068622539185,0,0,true,,false,NO_KNOWN_ISSUES
909,https://www.facebook.com/kabragolf,https://www.facebook.com/kabragolf,e4abfde0b3de912601b53474ebb65cf297977698134f106e1ba30c5cd3b40a3c,1,1025,1059,Kabra,partial-803,positive,717473034778431,18,18,true,,false,NO_KNOWN_ISSUES
910,https://www.facebook.com/p/Merch-Pier-100090598793788,https://www.facebook.com/p/merch-pier-100090598793788,e4fee89a8a1f7c9056f33415697c5d60fcfa2ed2f0c99a0963569e41384eaa71,1,305,337,Merch Pier,partial-803,zero,116240274739024,0,0,true,,false,NO_KNOWN_ISSUES
911,https://www.facebook.com/dudebenice,https://www.facebook.com/dudebenice,e5093a966cb1f57b14a027fcadc706a5292495a21098de6df2ef9a74c86b30c4,1,932,966,dude. be nice,partial-803,zero,151333231590685,0,0,true,,false,NO_KNOWN_ISSUES
912,https://www.facebook.com/OMSutralifestyle,https://www.facebook.com/omsutralifestyle,e52cd106bffacbfc66a9e3da284ecfb12eb09e289cccde96ee624ab3edac993b,1,834,868,OMSutra,partial-803,zero,1619052268412157,0,0,true,,false,NO_KNOWN_ISSUES
913,https://www.facebook.com/azzaik_official,https://www.facebook.com/azzaik_official,e551938523c54bf940caba78e37dbf8a559ba92ca8de0ac7b5c101a712107c75,1,637,670,Azzaik,continuation-209,error,,,,,no_items,,
914,https://www.facebook.com/RetrokidTO,https://www.facebook.com/retrokidto,e5b611b04f65fa95746357a7652919692127873357d0ea6713431c23c1f5ad0b,1,214,217,Retrokid,continuation-209,error,,,,,no_items,,
915,https://www.facebook.com/kush.handmade.carpets,https://www.facebook.com/kush.handmade.carpets,e600cde4e4b88fe9446b9e524aed3aa3779ae0bb4caba10fcb860b086667929c,1,880,914,Kush Rugs,partial-803,zero,540365892708014,0,0,true,,false,NO_KNOWN_ISSUES
916,https://www.facebook.com/currentairclothing,https://www.facebook.com/currentairclothing,e66cdbb0057c0872eb27525797ea011066f6df70f2da40ae4e6a6d8ca5ff8fc1,1,570,603,Current Air,partial-803,zero,294991554232242,0,0,true,,false,NO_KNOWN_ISSUES
917,https://www.facebook.com/katherinehomesbrand,https://www.facebook.com/katherinehomesbrand,e66f6bc63f96c96b7f1a04f67c3bbd6637c3cc09548597842ba64f54d40e3727,1,429,461,Katherine Homes,partial-803,zero,506981193158485,0,0,true,,false,NO_KNOWN_ISSUES
918,https://www.facebook.com/PamelaLoveNYC,https://www.facebook.com/pamelalovenyc,e6f17e3889c0e90d37111bfd42b5617d037106e35ff9f581ad9c070ac6855e24,1,780,814,Pamela Love,partial-803,positive,117115344978683,35,30,false,,false,NO_KNOWN_ISSUES
919,https://www.facebook.com/TheThingsBetween,https://www.facebook.com/thethingsbetween,e75663f8d47103125c9a5aeef747cd3464fdfe1b525f0a96478e14fccb08160d,1,90,91,Things Between,partial-803,positive,108151551805806,63,30,false,,false,NO_KNOWN_ISSUES
920,https://www.facebook.com/alepelofficial,https://www.facebook.com/alepelofficial,e85a19f28b7c273bb4012dcc84f7d39f68c17f699db4ee34f1c02529a92fcb2f,1,664,697,ALEPEL,continuation-209,positive,559620034079207,7,7,true,,false,NO_KNOWN_ISSUES
921,https://www.facebook.com/momzelle,https://www.facebook.com/momzelle,e8762bab19e64b52882bfc691ed2b640190a1e785d9b7b54cef06e63d21a6a3c,1,849,883,Momzelle Breastfeeding Apparel,partial-803,zero,21498303631,0,0,true,,false,NO_KNOWN_ISSUES
922,https://www.facebook.com/NordicSari,https://www.facebook.com/nordicsari,e88a2da5f72328f04a0782aec58d5930f704f49e9bceaeceddc78279031a13d3,1,343,375,NorSari,partial-803,zero,1444586109145431,0,0,true,,false,NO_KNOWN_ISSUES
923,https://www.facebook.com/soleyascrubs,https://www.facebook.com/soleyascrubs,e8c009e341e659f1afc7a6c17310fcb781b3a05a30461c73e9c3614c0cbf8762,1,143,144,Soleya Scrubs,partial-803,positive,153156371224266,2,2,true,,false,NO_KNOWN_ISSUES
924,https://www.facebook.com/BostonScallyCompany,https://www.facebook.com/bostonscallycompany,e91fbfe0748a4f83b3da7d1a7be2c716766421e852dbf5807381e8f05c05aa20,1,961,995,Boston Scally Company,partial-803,positive,472143659540716,185,30,false,,false,NO_KNOWN_ISSUES
925,https://www.facebook.com/pages/Raleigh-Workshop/252827094731591,https://www.facebook.com/pages/raleigh-workshop/252827094731591,e94e31e95b979f42f004f52d4b335ccbaddc6bb0c262c8fe92f1be80c6322080,1,792,826,Raleigh Workshop,partial-803,positive,252827094731591,20,20,true,,false,NO_KNOWN_ISSUES
926,https://www.facebook.com/bluecutaprons,https://www.facebook.com/bluecutaprons,e9a8a6fef1a96156c48b05a808a9db7e5d56c7efc8d63f15102061f2adb75cbb,1,967,1001,BlueCut,continuation-209,error,,,,,no_items,,
927,https://www.facebook.com/shopsweetwink,https://www.facebook.com/shopsweetwink,ea6d1ed368ba2a70a8f9bc5093aea62c3b7c34aa7d16f0e364d35753bdf66e6f,1,159,160,Sweet Wink,partial-803,positive,102259957922738,6,6,true,,false,NO_KNOWN_ISSUES
928,https://www.facebook.com/pages/Adicora/191295732543,https://www.facebook.com/pages/adicora/191295732543,eaed50632c6366894bd031f64479085ab257d19d8a432e6938f28596778b732b,1,827,861,Adicora,partial-803,zero,191295732543,0,0,true,,false,NO_KNOWN_ISSUES
929,https://www.facebook.com/basicobranco,https://www.facebook.com/basicobranco,eb0a3e8cc15f3960e942453d77ddad25bb4cfacf5833673e4515301527ac1ffc,1,633,666,Basico Branco,continuation-209,error,,,,,no_items,,
930,https://www.facebook.com/resolunawear,https://www.facebook.com/resolunawear,eb260ff42bb9e67f0864be3af961a45bb7248aff500c132aa3d3776dc2e23204,1,215,218,Resoluna,partial-803,zero,973903262650308,0,0,true,,false,NO_KNOWN_ISSUES
931,https://www.facebook.com/Batshevadresses,https://www.facebook.com/batshevadresses,eb2afd96f45565c312f38dbbd19c0b58fc972c50c8e6dba0ad8694a699f7b345,1,686,720,Batsheva LLC.,continuation-209,positive,102637008385345,8,8,true,,false,NO_KNOWN_ISSUES
932,https://www.facebook.com/shahidaparides,https://www.facebook.com/shahidaparides,ebe0f3904b2f5b9f0cf5f8e74726a942c1edb6d8e8516f66ab219fc863084512,1,758,792,Shahida Parides,continuation-209,error,,,,,no_items,,
933,https://www.facebook.com/p/Pangoo-Apparel-61557930506318,https://www.facebook.com/p/pangoo-apparel-61557930506318,ebe62e3d97c7296ff77ecaf70b5a7c7a9a53ef3f32f80c2c595365bd48dc8e1a,1,301,333,Pangoo Apparel,partial-803,positive,287148294475463,6,6,true,,false,NO_KNOWN_ISSUES
934,https://www.facebook.com/MidnightOilCollection,https://www.facebook.com/midnightoilcollection,ebee2abcbf90ddfe730681e1f954e0d2e8a5583d6f000c0ad4d3b8b1a43057ae,1,374,406,Midnight Oil,partial-803,zero,102565975404436,0,0,true,,false,NO_KNOWN_ISSUES
935,https://www.facebook.com/threadlogic,https://www.facebook.com/threadlogic,ec3e563b4b45a892fc883e46b1168ef8ce923a11cad1947a6b16bdeac1a1b67c,1,716,750,Thread Logic,continuation-209,error,,,,,no_items,,
936,https://www.facebook.com/BindyaNY,https://www.facebook.com/bindyany,ec42a2d76a3656a3dc4aaee23550930720fca3f43fb1936cd8c2f879f45e36d1,1,619,652,Bindya New York,partial-803,zero,158021910878418,0,0,true,,false,NO_KNOWN_ISSUES
937,https://www.facebook.com/KlubNico,https://www.facebook.com/klubnico,ec8221637215ee4d05c7a563f97f7397808631b6e1a89a04c03803ad7fb54b9e,1,421,453,Klub Nico,partial-803,zero,222869295970,0,0,true,,false,NO_KNOWN_ISSUES
938,https://www.facebook.com/tjsportusa,https://www.facebook.com/tjsportusa,ed45726697e014f9f51bc3340cf6fe0cf2c18f0a9c6cce7c801063881653aa27,1,85,86,TJ Sport,partial-803,zero,1863140643909899,0,0,true,,false,NO_KNOWN_ISSUES
939,https://www.facebook.com/coastalfemme,https://www.facebook.com/coastalfemme,ed60e6fe1f81e4ac9069754b12c377f7ab0fb06a8042b4f8a0e5588143fc7881,1,1022,1056,Coastal Femme,continuation-209,zero,101880115234475,0,0,true,,false,NO_KNOWN_ISSUES
940,https://www.facebook.com/shopluminora,https://www.facebook.com/shopluminora,edd52a33a7205a38824680c2d696135eac2e3127d4a29a586737f173104b178a,1,168,169,luminora,partial-803,zero,1785483985005514,0,0,true,,false,NO_KNOWN_ISSUES
941,https://www.facebook.com/letoile.sport,https://www.facebook.com/letoile.sport,edd6cc38c1a5d79ed99e491e972803662e0ae12528c48473102412b0968c7e23,1,873,907,L'ETOILE SPORT,partial-803,zero,291737197603692,0,0,true,,false,NO_KNOWN_ISSUES
942,https://www.facebook.com/cakeworthy,https://www.facebook.com/cakeworthy,edf8da15db0ca038f4976463e968b11fb3e5360f7746e58437d5d4cb374ef3d7,1,601,634,Cakeworthy,partial-803,positive,253180041373452,114,30,false,,false,NO_KNOWN_ISSUES
943,https://www.facebook.com/smithandquinn,https://www.facebook.com/smithandquinn,ee05a128dc06a7d8b24e03a01a7b1583b321f65516be62857319e8097273c705,1,147,148,Smith & Quinn,partial-803,zero,164703233554645,0,0,true,,false,NO_KNOWN_ISSUES
944,https://www.facebook.com/MAUIXLOLITA,https://www.facebook.com/mauixlolita,ee2ac20e5652d6cec302e63236ae46f9d9a8e3e70a1dceb18f9e287cf6bab0b0,1,380,412,Maui X Lolita,partial-803,positive,104881294688695,57,30,false,,false,NO_KNOWN_ISSUES
945,https://www.facebook.com/Carla.Rockmore.Style,https://www.facebook.com/carla.rockmore.style,eea9335fb3261c0b87a9e4a4cb71a87456b9bdfe8c74e3b3feab98a16db390a9,1,595,628,Carla Rockmore Designs,partial-803,positive,101373488327695,1,1,true,,false,NO_KNOWN_ISSUES
946,https://www.facebook.com/amaliernyc,https://www.facebook.com/amaliernyc,eedd663e3f5c98c44e1bb0c3bec6b98f19fb55b7e8dcce5d321c4f39322c7e45,1,994,1028,Amalier,partial-803,positive,428438080355867,9,9,true,,false,NO_KNOWN_ISSUES
947,https://www.facebook.com/icingonthering,https://www.facebook.com/icingonthering,ef1e62e92087f1aaf924f57cefe46e599ca5067c0369e45cac553b5b84cbf177,1,1010,1044,Icing On The Ring,partial-803,positive,122053227828451,26,26,true,,false,NO_KNOWN_ISSUES
948,https://www.facebook.com/katiejaneco,https://www.facebook.com/katiejaneco,ef2cf0cfe1f9c0ca513a7e7804cdf78c86e81c015065b161fbac2c6c201456d2,1,427,459,Katie Jane Co,continuation-209,zero,100823968203343,0,0,true,,false,NO_KNOWN_ISSUES
949,https://www.facebook.com/carakasi,https://www.facebook.com/carakasi,ef7300331ba54254ada55f84672df2d96bc2a0214bf90cab747a5d071e4dfa4f,1,952,986,Stella Carakasi,partial-803,zero,198153773576700,0,0,true,,false,NO_KNOWN_ISSUES
950,https://www.facebook.com/sportofkingsforeveryoung,https://www.facebook.com/sportofkingsforeveryoung,efbd88fc00da8535283314a989357f6878eb3e65b9602c87721a5d5547b3ad51,1,135,136,Sport of Kings,partial-803,positive,897958120362054,5,5,true,,false,NO_KNOWN_ISSUES
951,https://www.facebook.com/jackandmulligan,https://www.facebook.com/jackandmulligan,efbf3f114cd1bef6fc717632ac600dc1fc2914254654518db5692150bf527bf5,1,895,929,Jack + Mulligan,partial-803,zero,471429296269174,0,0,true,,false,NO_KNOWN_ISSUES
952,https://www.facebook.com/laagraofficial,https://www.facebook.com/laagraofficial,efc77966bb3a0accf69c98d8455abdd4c131bb0ab821da371b5c2b4df9f9253a,1,414,446,La' Agra,partial-803,positive,107898468835986,4,4,true,,false,NO_KNOWN_ISSUES
953,https://www.facebook.com/rarecut,https://www.facebook.com/rarecut,efcc9bab282fc3248a5bd8b76b10ebaa0eb8b74946c181be0be0393a81924c9a,1,769,803,RARE CUT,partial-803,zero,1782265748702445,0,0,true,,false,NO_KNOWN_ISSUES
954,https://www.facebook.com/pages/Fish-Hippie,https://www.facebook.com/pages/fish-hippie,effc82f6e8755f538094d4a7b8bc0ec2027ec8271e83c4b5d0ae1b797e53b966,1,811,845,Fish Hippie,continuation-209,error,,,,,no_items,,
955,https://www.facebook.com/pages/Erin-McDermott-Jewelry/101842177659,https://www.facebook.com/pages/erin-mcdermott-jewelry/101842177659,f00ec4e3e4c0d199ca92d3be560c18bd500a65bc6cb4d58cf1af7569fecc79a0,1,813,847,Erin McDermott Jewelry,partial-803,positive,101842177659,6,6,true,,false,NO_KNOWN_ISSUES
956,https://www.facebook.com/p/Tapacho-Mfg-61573868933800,https://www.facebook.com/p/tapacho-mfg-61573868933800,f02fd9ae97e064fffe9fe610a234f639ac86c98271eb3b7b3bdcda4aa8c99e29,1,293,325,Tapacho Mfg,partial-803,positive,586642794529319,32,23,false,,false,NO_KNOWN_ISSUES
957,https://www.facebook.com/vidamoulin,https://www.facebook.com/vidamoulin,f05c0dd04dcaabaa54f99146fe666a2c5494de6bcf80fccacce498330c117d13,1,703,737,Vida | Moulin,partial-803,zero,940938432648220,0,0,true,,false,NO_KNOWN_ISSUES
958,https://www.facebook.com/intelligentthreads,https://www.facebook.com/intelligentthreads,f0c35b7278a8c4b20bc23c6ec1794c03f8cec18c3185236e02877d597fbec3a6,1,450,482,Intelligent Threads,partial-803,positive,695020394032882,1,1,true,,false,NO_KNOWN_ISSUES
959,https://www.facebook.com/minkeeblue,https://www.facebook.com/minkeeblue,f0f5e5541182507b192554c52a16e44433a065ab50ed12405813833524fe584c,1,853,887,MinkeeBlue Travel & Work Bags,partial-803,zero,104836916348790,0,0,true,,false,NO_KNOWN_ISSUES
960,https://www.facebook.com/kinthelabel,https://www.facebook.com/kinthelabel,f1666d9700636068ebfade13b5bc8c6089a7a25c6b0171792b638693c8eb1834,1,424,456,KIN THE LABEL,partial-803,zero,310726148957415,0,0,true,,false,NO_KNOWN_ISSUES
961,https://www.facebook.com/p/Hevron-100087623084711,https://www.facebook.com/p/hevron-100087623084711,f19f9a4d730e3909b7c4f91dce331063e83d0cd6158f8b8713f7b9893b2ccfd9,1,313,345,HEVRON,partial-803,positive,113033471618940,29,29,true,,false,NO_KNOWN_ISSUES
962,https://www.facebook.com/elkheadclothing,https://www.facebook.com/elkheadclothing,f1a6553dc067ded9f7ae13750e898b1ea033762828a16fedcb8f44d75edc61d5,1,1027,1061,Elk Head Clothing,partial-803,zero,1596642957268650,0,0,true,,false,NO_KNOWN_ISSUES
963,https://www.facebook.com/bubbleandbead,https://www.facebook.com/bubbleandbead,f1b3415caf13ed148251b28f4efb8a228cb92e9f373f14a0099b315bfeda7be8,1,604,637,Bubble & Bead,partial-803,zero,485547411636275,0,0,true,,false,NO_KNOWN_ISSUES
964,https://www.facebook.com/dusterlosangeles,https://www.facebook.com/dusterlosangeles,f210a74f42d3ba7b066f36ecef8bb47fdfd3aa4787495b7601b6417014ea26a0,1,543,576,Duster,continuation-209,error,,,,,no_items,,
965,https://www.facebook.com/seaplaneshirts,https://www.facebook.com/seaplaneshirts,f2724a39599e9604d66d3ab21f7d3201c754daeb30e1375a602297381783a7e2,1,761,795,Seaplane,partial-803,positive,244339008938791,1,1,true,,false,NO_KNOWN_ISSUES
966,https://www.facebook.com/azurtank,https://www.facebook.com/azurtank,f2e724bda220b6ce7a78710b299951750e3d25e090db60a1bac344a88c2dff9f,1,638,671,Azur Fit,partial-803,positive,231431787477253,12,12,true,,false,NO_KNOWN_ISSUES
967,https://www.facebook.com/dapperfammenswear,https://www.facebook.com/dapperfammenswear,f2fc9627b21dd80d3c67f87cc43faea0aebfc254d083d86beea3036d4b6c6fda,1,938,972,DapperFam,partial-803,positive,892736077429931,7,7,true,,false,NO_KNOWN_ISSUES
968,https://www.facebook.com/Galsonandoffthegreen,https://www.facebook.com/galsonandoffthegreen,f34f2c6e4665fceda765fa9b1ee5a618102a066ea8204f9f1232157508bf01f3,1,500,533,Gals on and off the Green,partial-803,zero,158806314412,0,0,true,,false,NO_KNOWN_ISSUES
969,https://www.facebook.com/quoddymaine,https://www.facebook.com/quoddymaine,f3714da5c62e00a88ab6e81f5222d4d2c85007546a2c3e2512b7cde468c6dc45,1,221,224,Quoddy,partial-803,positive,167914003822,8,8,true,,false,NO_KNOWN_ISSUES
970,https://www.facebook.com/theoliverthomas,https://www.facebook.com/theoliverthomas,f38d2419a886d0cb5b9ced9bfff7cd8ecdf0798b84f7c912967740bc6e6ff2c1,1,97,98,The Oliver Thomas,partial-803,positive,159885541229902,27,27,true,,false,NO_KNOWN_ISSUES
971,https://www.facebook.com/portolanoproducts,https://www.facebook.com/portolanoproducts,f3a98adf5efe4b0e2ebe06857c2394f1c7ec9417d71f88698dbb8a76bb69025a,1,240,272,Portolano Products Inc.,partial-803,zero,191965547570845,0,0,true,,false,NO_KNOWN_ISSUES
972,https://www.facebook.com/CapoCycling,https://www.facebook.com/capocycling,f449dad43401113f6608eea515f595412c5beadf86ebdcda8c2bc76b589f3ac7,1,953,987,Capo Cycling Apparel,continuation-209,zero,200666829961564,0,0,true,,false,NO_KNOWN_ISSUES
973,https://www.facebook.com/Madison-Creek-Outfitters-158021237549255,https://www.facebook.com/madison-creek-outfitters-158021237549255,f4a05e406a7cc2f0675b9dad2dc4a2a5711ef76a822676fe971892b86b3d390b,1,387,419,Madison Creek Outfitters,partial-803,zero,158021237549255,0,0,true,,false,NO_KNOWN_ISSUES
974,https://www.facebook.com/christinagreenejewelry,https://www.facebook.com/christinagreenejewelry,f4d8b352cbd6cfa7e2a20cae5d21f445d54fc733ac0f5a06799ef1b12c804f53,1,590,623,Christina Greene LLC,continuation-209,zero,189284447783041,0,0,true,,false,NO_KNOWN_ISSUES
975,https://www.facebook.com/shopcurveture,https://www.facebook.com/shopcurveture,f4fbce44009db055a3b61a96fc8df62fa6e7a5d91b4ceb3d2fdb4bb83ada6990,1,176,177,Curveture Plus-Size Thrift,partial-803,zero,423397130850282,0,0,true,,false,NO_KNOWN_ISSUES
976,https://www.facebook.com/JanessaLeone,https://www.facebook.com/janessaleone,f55d348b5f69239aa199557b37d3c3811fbbb180d54a2e8b8f388d24c956f9c2,1,440,472,Janessa Leoné,partial-803,positive,200439506646906,62,30,false,,false,NO_KNOWN_ISSUES
977,https://www.facebook.com/turtlesandtees,https://www.facebook.com/turtlesandtees,f627f81509ddd5ba1695798fc5594b9fbfb54432f76ba9fb7d0c458999bd7588,1,710,744,Turtles and Tees Co.,partial-803,zero,569953746458644,0,0,true,,false,NO_KNOWN_ISSUES
978,https://www.facebook.com/p/Groov-61566942452344,https://www.facebook.com/p/groov-61566942452344,f6949f6c97bcba95157d87608e6f7cbe13b9c9f21f533611be95f90f4cfebd55,1,314,346,Groov,partial-803,positive,438774962652822,6,6,true,,false,NO_KNOWN_ISSUES
979,https://www.facebook.com/CoreHemp,https://www.facebook.com/corehemp,f75b5498eb17e6e288987daa9f7acecdad3a861210d1150b3e9c61f1f39c4348,1,577,610,Core Hemp,continuation-209,zero,151215275418093,0,0,true,,false,NO_KNOWN_ISSUES
980,https://www.facebook.com/cluburban,https://www.facebook.com/cluburban,f7702305421018afb28fd3685949b41b35d070552c944981df168c1a64d47595,1,944,978,CLUBURBAN,partial-803,zero,267712351119,0,0,true,,false,NO_KNOWN_ISSUES
981,https://www.facebook.com/littlebeastnyc,https://www.facebook.com/littlebeastnyc,f7dc456ddab2b7f7ac09cec3eb389a2286edbe72b4a9bc6cfb5fa51ba5b8b633,1,401,433,Little Beast,partial-803,positive,180260625992020,64,30,false,,false,NO_KNOWN_ISSUES
982,https://www.facebook.com/ellislittles,https://www.facebook.com/ellislittles,f7e36eac534121149f047ce92ceafda159c703b781186043ae6e663377da4994,1,531,564,ellis littles,partial-803,zero,103262085494278,0,0,true,,false,NO_KNOWN_ISSUES
983,https://www.facebook.com/AsorockWatches,https://www.facebook.com/asorockwatches,f7ee0f6c2507b483abf69ca395a71392d414a6d33f02a453c6a9871b89121724,1,646,679,Asorock Watches,partial-803,positive,1214868755347625,18,18,true,,false,NO_KNOWN_ISSUES
984,https://www.facebook.com/DrinkingDresses,https://www.facebook.com/drinkingdresses,f819c8e0a79b9294014731a4024c6bc37939778a395cb50522b0b7bd31c1406a,1,547,580,Drinking Dresses,continuation-209,zero,100404565494179,0,0,true,,false,NO_KNOWN_ISSUES
985,https://www.facebook.com/pikalayers,https://www.facebook.com/pikalayers,f8b2759ba00fc28ece0cc546f5a2d5d4d33b474d318bdb1b7dbd01d0a74417aa,1,249,281,Pika Layers,continuation-209,positive,134940304092938,1,1,true,,false,NO_KNOWN_ISSUES
986,https://www.facebook.com/supervsnstudios,https://www.facebook.com/supervsnstudios,f8d7d6bef812d5bc97c4eaca22c6ad7d10bfcdda565e904f645d731c754b1e4f,1,731,765,Supervsn Studios,continuation-209,positive,190308846471,19,17,true,,false,NO_KNOWN_ISSUES
987,https://www.facebook.com/LabelDaddy,https://www.facebook.com/labeldaddy,f909e4936542064cdab0d53431dcb95ef7c100e4e959c23d0773e38263628bf7,1,879,913,Label Daddy,partial-803,positive,366035050776,54,22,false,,false,NO_KNOWN_ISSUES
988,https://www.facebook.com/astoriaactive,https://www.facebook.com/astoriaactive,f92774dd3756f5d4c9938521d51f35ee490a04003c0f5e1ab05f485900b7fcca,2,644|645,677|678,Astoria Activewear|Astoria Activewear,partial-803,positive,393387241166863,186,30,false,,false,NO_KNOWN_ISSUES
989,https://www.facebook.com/thembags,https://www.facebook.com/thembags,f9335289f090b2942548049cfa6d989edf361ba556b56a0a00ab502836830d5d,1,98,99,The M Bag,partial-803,zero,1688655271365985,0,0,true,,false,NO_KNOWN_ISSUES
990,https://www.facebook.com/hotleathers,https://www.facebook.com/hotleathers,f93d2d4554de3b9f623e81321379c203e88427406474f1f13997d5d864934a84,1,1019,1053,Hot Leathers,partial-803,positive,204028745525,21,21,true,,false,NO_KNOWN_ISSUES
991,https://www.facebook.com/miabellebaby,https://www.facebook.com/miabellebaby,f942409a8ac7150d8468c683d65237a289d3a7d5bac86a500995b68c43cd199f,1,856,890,Mia Belle Girls,partial-803,positive,158145307293,368,30,false,,false,NO_KNOWN_ISSUES
992,https://www.facebook.com/sandlotgoods,https://www.facebook.com/sandlotgoods,f9d248133422692b60b72b21c00e0bc356a35fb606db300aa46c94904041dda3,1,1017,1051,Sandlot Goods,partial-803,zero,258284117608059,0,0,true,,false,NO_KNOWN_ISSUES
993,https://www.facebook.com/Mintage.io,https://www.facebook.com/mintage.io,f9f4b66113d2fe1f077bb5fcbc5b95f3b7d8d594d94be34fb526e24d634d7f4d,1,369,401,MNTGE,partial-803,zero,101159786045045,0,0,true,,false,NO_KNOWN_ISSUES
994,https://www.facebook.com/berryjaneusa,https://www.facebook.com/berryjaneusa,f9fce66dc1ba75930daad21555cc56612bcd3aa3e9b09f39e93c088dbcbaddf4,1,1014,1048,Berry Jane™,partial-803,positive,184019768173,4,4,true,,false,NO_KNOWN_ISSUES
995,https://www.facebook.com/ferraramanufacturing,https://www.facebook.com/ferraramanufacturing,fa346bf2296fe05ec9998356ad1ef3ad1de6225bcb65275444be6bb2d4316d08,1,918,952,Ferrara Manufacturing,continuation-209,error,,,,,no_items,,
996,https://www.facebook.com/happytears.ca,https://www.facebook.com/happytears.ca,fab8ae3f1b597ecf91708ba69ba2e2bbe0b7921ebf32e893407a50769a2dc66f,1,907,941,Happy Tears,partial-803,zero,493022871450712,0,0,true,,false,NO_KNOWN_ISSUES
997,https://www.facebook.com/MIRVIKGROUP,https://www.facebook.com/mirvikgroup,fac6fee5d2a93daa421234c43a2582b4a13698a8ba7b2385aa6fb7e5e92c34e5,1,368,400,MIRVIK Uniforms & Merch,partial-803,zero,207550999342506,0,0,true,,false,NO_KNOWN_ISSUES
998,https://www.facebook.com/tgthrshop,https://www.facebook.com/tgthrshop,fac84c9441b98dfcabacabe074c8c51e5664ff9f80f72769d219168d31d14428,1,109,110,TGTHR,partial-803,positive,855917050948317,40,30,false,,false,NO_KNOWN_ISSUES
999,https://www.facebook.com/diniwigs,https://www.facebook.com/diniwigs,faeb3ae56a056d72c308231d5d824bbd81fc944783d054dbf275fe894ae066c2,1,556,589,Dini Wigs,partial-803,zero,204621029557954,0,0,true,,false,NO_KNOWN_ISSUES
1000,https://www.facebook.com/fairtradewinds,https://www.facebook.com/fairtradewinds,fb63fbabe98ae31ae28659cc6a190838053c94c61602fa036d82a9de2ebbf5ab,1,521,554,Fair Trade Winds,partial-803,positive,176367432456,10,10,true,,false,NO_KNOWN_ISSUES
1001,https://www.facebook.com/shop.afrm,https://www.facebook.com/shop.afrm,fb7bc75cf6d90d4d489de83496296aca2b508ce7a16544cb3daa09d892691a75,1,186,187,AFRM,partial-803,positive,1483047101711541,36,30,false,,false,NO_KNOWN_ISSUES
1002,https://www.facebook.com/zippyjamz,https://www.facebook.com/zippyjamz,fbbbbade29e8d3b541fba71a2ce43060243dbc2d26e5e084d41a479d6b5f5025,1,3,4,ZippyJamz,partial-803,zero,463631717161008,0,0,true,,false,NO_KNOWN_ISSUES
1003,https://www.facebook.com/everprettydresses,https://www.facebook.com/everprettydresses,fbcf541d0b0b3a2238ccf30f516bbb0e21751a7585cf7d7d57018ec5228d3662,1,921,955,Ever Pretty Wholesale,partial-803,positive,124524927735074,1277,30,false,,false,NO_KNOWN_ISSUES
1004,https://www.facebook.com/ateliumjewelry,https://www.facebook.com/ateliumjewelry,fcb3e1e6836d727d56096175b05bdbc73c3816da63ee2b45c210a6a992c44982,1,643,676,Atelium Jewelry,partial-803,zero,107721907802433,0,0,true,,false,NO_KNOWN_ISSUES
1005,https://www.facebook.com/SamuelHubbardCo,https://www.facebook.com/samuelhubbardco,fccf0ac87509e6149bc9f9fee4d19ac4897c2315f9ef935266b61863db4ffd4b,1,199,202,Samuel Hubbard Shoe Co,continuation-209,positive,1614851495395640,48,30,false,,false,NO_KNOWN_ISSUES
1006,https://www.facebook.com/tannerfletcherstudios,https://www.facebook.com/tannerfletcherstudios,fd4d72e9ed5d4289d0f287543edf1b9aabf639482e794963950b93f6b0fc1899,1,114,115,Tanner Fletcher,continuation-209,positive,102382071644060,4,4,true,,false,NO_KNOWN_ISSUES
1007,https://www.facebook.com/people/Blauw-Shorts/61552015830950,https://www.facebook.com/people/blauw-shorts/61552015830950,fd9070d46762e8a482a5e4d31872719e4217189dd58595a00bace73e210646b7,1,273,305,Blauw,partial-803,zero,128652380337208,0,0,true,,false,NO_KNOWN_ISSUES
1008,https://www.facebook.com/standardissueteesla,https://www.facebook.com/standardissueteesla,fdfb25698d2f6efa6eadd39885aa989559607ee4f1748e3650f46e72b95ab7a8,1,133,134,Standard Issue,partial-803,positive_empty,1546616738756194,3,0,true,,false,NO_KNOWN_ISSUES
1009,https://www.facebook.com/hollyzhangpearlgallery,https://www.facebook.com/hollyzhangpearlgallery,fe9b814e4a66d6f46c693fe6163e0fc92cb52433d3d5909bf1e8c555d255b32b,1,904,938,Holly Zhang Pearl Gallery,continuation-209,zero,210480055690861,0,0,true,,false,NO_KNOWN_ISSUES
1010,https://www.facebook.com/Hewouldlovefirst,https://www.facebook.com/hewouldlovefirst,ff2e4cb71acc7cb98ca7a3f205f351109d3c427e67a431021d4861f4e3a30b77,1,468,500,He Would Love First,partial-803,zero,326322811055310,0,0,true,,false,NO_KNOWN_ISSUES
1011,https://www.facebook.com/dudleystephensclothing,https://www.facebook.com/dudleystephensclothing,ff96d4fbb69c6ba1f6989904bfcfb8e45bb5675c5688db496ff63d27415dcc98,1,931,965,Dudley Stephens,continuation-209,error,,,,,no_items,,
1012,https://www.facebook.com/eaglerockwerkshop,https://www.facebook.com/eaglerockwerkshop,ffa49528eae94d8b4792ab5ad11ef5fdcf22e1f421ee6d829ec47fe4f2e1fa0a,1,929,963,Eagle Rock WERKSHOP,partial-803,positive,393164534136007,5,5,true,,false,NO_KNOWN_ISSUES
